date,Albania,Austria,Belgium,Bosnia and Herz.,Bulgaria,Croatia,Cyprus,Czech Rep.,Denmark,Estonia,Finland,France,Georgia,Germany,Greece,Hungary,Ireland,Italy,Kosovo,Latvia,Lithuania,Luxembourg,Malta,Moldova,Montenegro,Netherlands,North Macedonia,Norway,Poland,Portugal,Romania,Serbia,Slovakia,Slovenia,Spain,Sweden,Switzerland,Turkey,Ukraine,United Kingdom
01/05/2023,,45.0,67.0,,78.0,77.0,,78.0,64.0,65.0,65.0,127.0,,33.0,226.0,79.0,170.0,188.0,,65.0,69.0,33.0,,,,69.0,,98.0,78.0,58.0,78.0,89.0,80.0,77.0,58.0,64.0,74.0,,,
01/06/2023,,128.0,124.0,,127.0,127.0,,121.0,112.0,112.0,112.0,121.0,,117.0,207.0,128.0,136.0,174.0,,112.0,112.0,117.0,,,,130.0,,99.0,101.0,104.0,127.0,134.0,126.0,126.0,104.0,96.0,132.0,,,
01/07/2023,,148.0,85.0,,170.0,149.0,,107.0,85.0,96.0,74.0,85.0,,89.0,237.0,174.0,122.0,196.0,,96.0,96.0,89.0,,,,86.0,,83.0,124.0,24.0,170.0,159.0,134.0,142.0,24.0,74.0,147.0,,,
01/08/2023,,112.0,68.0,,100.0,100.0,,89.0,58.0,56.0,39.0,68.0,,69.0,218.0,102.0,100.0,164.0,,56.0,57.0,69.0,,,,69.0,,59.0,92.0,10.0,100.0,115.0,98.0,99.0,10.0,39.0,133.0,,,
01/09/2023,,112.0,68.0,,100.0,100.0,,89.0,58.0,56.0,39.0,68.0,,69.0,218.0,102.0,100.0,164.0,,56.0,57.0,69.0,,,,69.0,,59.0,92.0,10.0,100.0,115.0,98.0,99.0,10.0,39.0,133.0,,,
01/10/2023,,135.0,128.0,,137.0,140.0,,135.0,122.0,125.0,115.0,128.0,,123.0,151.0,143.0,147.0,150.0,,130.0,130.0,123.0,,,,130.0,,105.0,173.0,109.0,137.0,140.0,145.0,139.0,109.0,107.0,163.0,,,
01/11/2023,,138.0,86.0,,146.0,140.0,,115.0,73.0,86.0,64.0,88.0,,84.0,238.0,144.0,126.0,178.0,,86.0,86.0,84.0,,,,87.0,,78.0,137.0,84.0,146.0,167.0,140.0,137.0,84.0,58.0,175.0,,,
01/12/2023,,168.0,79.0,,186.0,169.0,,119.0,67.0,78.0,53.0,81.0,,71.0,214.0,175.0,119.0,179.0,,78.0,78.0,71.0,,,,86.0,,73.0,120.0,93.0,186.0,167.0,170.0,165.0,93.0,56.0,173.0,,,
01/13/2023,,163.0,78.0,,194.0,157.0,,121.0,68.0,79.0,68.0,79.0,,67.0,212.0,162.0,122.0,195.0,,79.0,79.0,67.0,,,,81.0,,77.0,122.0,88.0,194.0,173.0,150.0,147.0,88.0,68.0,169.0,,,
01/14/2023,,119.0,57.0,,188.0,137.0,,100.0,45.0,65.0,65.0,56.0,,29.0,234.0,145.0,125.0,161.0,,65.0,65.0,29.0,,,,94.0,,78.0,92.0,53.0,188.0,151.0,121.0,122.0,53.0,55.0,161.0,,,
01/15/2023,,83.0,38.0,,96.0,90.0,,93.0,14.0,18.0,18.0,35.0,,9.0,203.0,98.0,118.0,142.0,,18.0,18.0,9.0,,,,78.0,,63.0,69.0,22.0,96.0,110.0,99.0,85.0,22.0,18.0,157.0,,,
01/16/2023,,135.0,136.0,,130.0,126.0,,130.0,110.0,78.0,71.0,135.0,,129.0,204.0,132.0,204.0,132.0,,78.0,80.0,129.0,,,,133.0,,114.0,130.0,13.0,130.0,140.0,132.0,137.0,13.0,75.0,153.0,,,
01/17/2023,,144.0,185.0,,120.0,140.0,,136.0,94.0,73.0,62.0,179.0,,134.0,132.0,141.0,188.0,154.0,,73.0,73.0,134.0,,,,136.0,,104.0,136.0,5.0,120.0,131.0,140.0,144.0,5.0,62.0,175.0,,,
01/18/2023,,149.0,150.0,,80.0,109.0,,141.0,124.0,110.0,81.0,157.0,,144.0,87.0,141.0,158.0,133.0,,110.0,110.0,144.0,,,,132.0,,107.0,149.0,21.0,80.0,128.0,142.0,152.0,22.0,83.0,168.0,,,
01/19/2023,,156.0,187.0,,54.0,98.0,,147.0,140.0,137.0,137.0,185.0,,148.0,58.0,152.0,211.0,165.0,,137.0,137.0,148.0,,,,146.0,,122.0,170.0,35.0,54.0,65.0,153.0,174.0,35.0,134.0,171.0,,,
01/20/2023,,179.0,184.0,,93.0,139.0,,175.0,181.0,164.0,119.0,187.0,,181.0,127.0,174.0,198.0,177.0,,164.0,171.0,181.0,,,,178.0,,127.0,177.0,91.0,93.0,97.0,174.0,187.0,91.0,117.0,187.0,,,
01/21/2023,,143.0,155.0,,110.0,82.0,,136.0,143.0,128.0,118.0,156.0,,144.0,129.0,128.0,162.0,137.0,,128.0,128.0,144.0,,,,149.0,,115.0,113.0,59.0,110.0,103.0,131.0,166.0,59.0,98.0,160.0,,,
01/22/2023,,156.0,171.0,,130.0,102.0,,146.0,137.0,122.0,67.0,168.0,,151.0,173.0,139.0,180.0,185.0,,122.0,127.0,151.0,,,,151.0,,111.0,139.0,38.0,130.0,108.0,142.0,169.0,38.0,86.0,173.0,,,
01/23/2023,,203.0,205.0,,154.0,195.0,,203.0,202.0,173.0,81.0,205.0,,203.0,188.0,205.0,224.0,200.0,,173.0,189.0,203.0,,,,202.0,,140.0,184.0,72.0,154.0,199.0,204.0,201.0,72.0,112.0,209.0,,,
01/24/2023,,203.0,205.0,,160.0,192.0,,203.0,198.0,141.0,115.0,204.0,,203.0,195.0,206.0,209.0,198.0,,141.0,177.0,203.0,,,,200.0,,130.0,187.0,87.0,160.0,165.0,205.0,201.0,87.0,91.0,205.0,,,
01/25/2023,,182.0,186.0,,159.0,169.0,,182.0,131.0,91.0,24.0,186.0,,182.0,187.0,184.0,178.0,188.0,,91.0,93.0,182.0,,,,175.0,,94.0,178.0,92.0,159.0,160.0,184.0,184.0,93.0,40.0,186.0,,,
01/26/2023,,169.0,173.0,,170.0,170.0,,169.0,142.0,138.0,99.0,171.0,,168.0,180.0,170.0,200.0,174.0,,138.0,139.0,168.0,,,,148.0,,97.0,172.0,67.0,170.0,116.0,170.0,170.0,67.0,79.0,176.0,,,
01/27/2023,,169.0,173.0,,149.0,166.0,,169.0,163.0,132.0,112.0,171.0,,169.0,211.0,170.0,204.0,170.0,,132.0,157.0,169.0,,,,166.0,,110.0,169.0,46.0,149.0,138.0,169.0,168.0,46.0,94.0,176.0,,,
01/28/2023,,146.0,148.0,,126.0,142.0,,146.0,102.0,84.0,32.0,147.0,,145.0,183.0,147.0,172.0,164.0,,84.0,84.0,145.0,,,,140.0,,84.0,147.0,41.0,126.0,160.0,147.0,145.0,41.0,36.0,157.0,,,
01/29/2023,,140.0,145.0,,131.0,141.0,,130.0,63.0,38.0,30.0,145.0,,124.0,163.0,148.0,157.0,155.0,,38.0,38.0,124.0,,,,128.0,,73.0,112.0,68.0,131.0,127.0,153.0,142.0,68.0,30.0,152.0,,,
01/30/2023,,157.0,137.0,,199.0,181.0,,138.0,47.0,64.0,44.0,162.0,,74.0,226.0,193.0,166.0,179.0,,64.0,64.0,74.0,,,,103.0,,63.0,98.0,135.0,199.0,160.0,208.0,173.0,135.0,23.0,163.0,,,
01/31/2023,,146.0,150.0,,153.0,151.0,,144.0,86.0,88.0,80.0,160.0,,117.0,201.0,152.0,143.0,154.0,,88.0,88.0,117.0,,,,135.0,,84.0,110.0,127.0,153.0,156.0,153.0,150.0,127.0,71.0,169.0,,,
02/01/2023,,142.0,147.0,,156.0,149.0,,148.0,93.0,119.0,119.0,151.0,,93.0,165.0,155.0,145.0,163.0,,119.0,119.0,93.0,,,,109.0,,86.0,103.0,128.0,156.0,158.0,148.0,147.0,129.0,92.0,162.0,,,
02/02/2023,,151.0,149.0,,153.0,152.0,,144.0,136.0,139.0,135.0,156.0,,136.0,169.0,152.0,151.0,180.0,,139.0,139.0,136.0,,,,139.0,,112.0,127.0,137.0,153.0,153.0,152.0,152.0,138.0,116.0,163.0,,,
02/03/2023,,142.0,143.0,,150.0,147.0,,129.0,102.0,132.0,115.0,141.0,,103.0,167.0,150.0,159.0,170.0,,132.0,132.0,103.0,,,,138.0,,91.0,138.0,139.0,150.0,157.0,150.0,146.0,139.0,100.0,162.0,,,
02/04/2023,,147.0,152.0,,143.0,146.0,,144.0,142.0,130.0,115.0,153.0,,146.0,154.0,145.0,161.0,155.0,,130.0,132.0,146.0,,,,151.0,,98.0,132.0,126.0,143.0,135.0,145.0,147.0,126.0,94.0,150.0,,,
02/05/2023,,131.0,134.0,,108.0,124.0,,129.0,112.0,111.0,85.0,133.0,,131.0,137.0,129.0,175.0,131.0,,111.0,112.0,131.0,,,,131.0,,84.0,132.0,79.0,108.0,115.0,130.0,127.0,79.0,64.0,,,,
02/06/2023,,172.0,171.0,,164.0,167.0,,173.0,173.0,155.0,137.0,171.0,,173.0,165.0,172.0,174.0,169.0,,157.0,160.0,173.0,,,,167.0,,109.0,173.0,135.0,164.0,157.0,173.0,173.0,135.0,93.0,177.0,,,
02/07/2023,,175.0,174.0,,161.0,173.0,,175.0,171.0,152.0,69.0,175.0,,173.0,169.0,177.0,213.0,178.0,,162.0,173.0,173.0,,,,171.0,,93.0,179.0,137.0,161.0,172.0,177.0,175.0,137.0,77.0,178.0,,,
02/08/2023,,162.0,162.0,,158.0,161.0,,158.0,128.0,116.0,59.0,165.0,,152.0,158.0,163.0,159.0,170.0,,117.0,117.0,152.0,,,,154.0,,81.0,165.0,138.0,158.0,166.0,162.0,162.0,138.0,54.0,172.0,,,
02/09/2023,,154.0,153.0,,157.0,155.0,,138.0,55.0,79.0,22.0,180.0,,133.0,159.0,157.0,173.0,178.0,,79.0,79.0,133.0,,,,143.0,,67.0,141.0,145.0,157.0,150.0,151.0,155.0,145.0,22.0,163.0,,,
02/10/2023,,155.0,149.0,,164.0,160.0,,142.0,73.0,72.0,46.0,159.0,,126.0,168.0,163.0,153.0,168.0,,77.0,77.0,126.0,,,,133.0,,68.0,133.0,141.0,164.0,159.0,162.0,159.0,142.0,36.0,161.0,,,
02/11/2023,,149.0,152.0,,144.0,146.0,,140.0,72.0,83.0,68.0,149.0,,106.0,172.0,145.0,162.0,172.0,,83.0,83.0,106.0,,,,138.0,,66.0,114.0,132.0,144.0,143.0,143.0,146.0,132.0,45.0,155.0,,,
02/12/2023,,140.0,144.0,,140.0,140.0,,139.0,108.0,103.0,26.0,143.0,,136.0,156.0,140.0,155.0,151.0,,103.0,103.0,136.0,,,,142.0,,75.0,137.0,138.0,140.0,145.0,140.0,141.0,138.0,26.0,146.0,,,
02/13/2023,,165.0,162.0,,171.0,167.0,,163.0,128.0,114.0,25.0,163.0,,163.0,170.0,170.0,157.0,169.0,,114.0,114.0,163.0,,,,158.0,,80.0,147.0,147.0,171.0,172.0,166.0,166.0,147.0,41.0,164.0,,,
02/14/2023,,158.0,154.0,,160.0,159.0,,156.0,154.0,139.0,127.0,156.0,,154.0,163.0,160.0,147.0,161.0,,139.0,142.0,154.0,,,,152.0,,94.0,162.0,143.0,160.0,162.0,160.0,159.0,143.0,90.0,162.0,,,
02/15/2023,,158.0,146.0,,166.0,163.0,,153.0,139.0,133.0,119.0,149.0,,144.0,167.0,165.0,160.0,166.0,,133.0,134.0,144.0,,,,138.0,,87.0,164.0,145.0,166.0,156.0,165.0,162.0,145.0,96.0,156.0,,,
02/16/2023,,154.0,143.0,,172.0,165.0,,149.0,126.0,125.0,44.0,149.0,,137.0,172.0,168.0,164.0,163.0,,125.0,125.0,137.0,,,,134.0,,82.0,148.0,145.0,173.0,170.0,170.0,163.0,146.0,58.0,157.0,,,
02/17/2023,,148.0,122.0,,168.0,167.0,,140.0,62.0,109.0,57.0,131.0,,81.0,167.0,173.0,125.0,165.0,,109.0,109.0,81.0,,,,105.0,,67.0,136.0,134.0,172.0,170.0,174.0,163.0,134.0,43.0,153.0,,,
02/18/2023,,118.0,107.0,,108.0,113.0,,112.0,60.0,76.0,60.0,113.0,,95.0,134.0,113.0,120.0,140.0,,76.0,76.0,95.0,,,,101.0,,68.0,97.0,129.0,108.0,122.0,113.0,114.0,129.0,32.0,139.0,,,
02/19/2023,,117.0,119.0,,109.0,115.0,,114.0,81.0,81.0,76.0,121.0,,114.0,131.0,115.0,146.0,133.0,,81.0,81.0,114.0,,,,117.0,,77.0,105.0,124.0,109.0,121.0,114.0,116.0,124.0,53.0,131.0,,,
02/20/2023,,118.0,112.0,,123.0,120.0,,106.0,52.0,84.0,69.0,134.0,,61.0,155.0,117.0,128.0,159.0,,84.0,84.0,61.0,,,,97.0,,61.0,97.0,134.0,123.0,135.0,117.0,121.0,134.0,45.0,142.0,,,
02/21/2023,,136.0,145.0,,116.0,127.0,,120.0,109.0,115.0,115.0,154.0,,122.0,149.0,124.0,148.0,157.0,,115.0,115.0,122.0,,,,138.0,,90.0,114.0,151.0,116.0,121.0,122.0,130.0,151.0,103.0,148.0,,,
02/22/2023,,150.0,148.0,,150.0,150.0,,149.0,139.0,141.0,131.0,150.0,,149.0,158.0,150.0,150.0,162.0,,141.0,141.0,149.0,,,,145.0,,83.0,153.0,144.0,150.0,153.0,151.0,150.0,144.0,84.0,150.0,,,
02/23/2023,,148.0,148.0,,149.0,149.0,,148.0,115.0,117.0,82.0,149.0,,146.0,163.0,149.0,165.0,156.0,,117.0,117.0,146.0,,,,142.0,,81.0,149.0,140.0,149.0,147.0,149.0,149.0,141.0,66.0,147.0,,,
02/24/2023,,135.0,142.0,,136.0,137.0,,135.0,84.0,119.0,105.0,148.0,,118.0,166.0,136.0,151.0,163.0,,119.0,119.0,118.0,,,,127.0,,77.0,145.0,148.0,136.0,132.0,136.0,137.0,148.0,63.0,145.0,,,
02/25/2023,,108.0,124.0,,87.0,98.0,,85.0,55.0,71.0,45.0,142.0,,89.0,151.0,91.0,158.0,144.0,,71.0,71.0,89.0,,,,107.0,,69.0,117.0,143.0,87.0,101.0,88.0,101.0,143.0,30.0,141.0,,,
02/26/2023,,114.0,114.0,,72.0,108.0,,109.0,98.0,86.0,84.0,116.0,,110.0,74.0,111.0,160.0,124.0,,86.0,86.0,110.0,,,,113.0,,79.0,117.0,106.0,72.0,104.0,110.0,110.0,81.0,58.0,128.0,,,
02/27/2023,,152.0,151.0,,148.0,151.0,,152.0,149.0,141.0,77.0,155.0,,152.0,155.0,152.0,182.0,172.0,,141.0,143.0,152.0,,,,141.0,,85.0,153.0,118.0,148.0,139.0,152.0,152.0,118.0,70.0,154.0,,,
02/28/2023,,153.0,151.0,,152.0,154.0,,148.0,147.0,123.0,33.0,161.0,,148.0,160.0,152.0,216.0,205.0,,123.0,128.0,148.0,,,,144.0,,86.0,151.0,133.0,152.0,157.0,151.0,155.0,133.0,57.0,160.0,,,
03/01/2023,,152.0,144.0,,154.0,154.0,,148.0,142.0,126.0,81.0,153.0,,143.0,155.0,153.0,191.0,167.0,,126.0,130.0,143.0,,,,137.0,,88.0,152.0,146.0,154.0,151.0,153.0,154.0,146.0,66.0,155.0,,,
03/02/2023,,153.0,142.0,,158.0,160.0,,151.0,143.0,119.0,22.0,166.0,,144.0,161.0,158.0,216.0,167.0,,120.0,122.0,144.0,,,,135.0,,81.0,157.0,142.0,158.0,151.0,157.0,161.0,142.0,47.0,156.0,,,
03/03/2023,,149.0,147.0,,148.0,150.0,,140.0,108.0,98.0,82.0,162.0,,137.0,157.0,147.0,219.0,165.0,,98.0,98.0,137.0,,,,135.0,,78.0,137.0,143.0,148.0,151.0,146.0,151.0,143.0,43.0,155.0,,,
03/04/2023,,123.0,135.0,,120.0,122.0,,112.0,92.0,89.0,79.0,142.0,,107.0,140.0,120.0,181.0,143.0,,89.0,89.0,107.0,,,,124.0,,76.0,105.0,139.0,120.0,119.0,119.0,122.0,139.0,50.0,144.0,,,
03/05/2023,,126.0,139.0,,119.0,125.0,,122.0,120.0,118.0,118.0,146.0,,122.0,135.0,125.0,163.0,137.0,,118.0,119.0,122.0,,,,122.0,,89.0,119.0,144.0,119.0,121.0,124.0,127.0,144.0,82.0,138.0,,,
03/06/2023,,153.0,152.0,,142.0,151.0,,151.0,150.0,151.0,151.0,160.0,,151.0,143.0,153.0,167.0,134.0,,151.0,151.0,151.0,,,,141.0,,132.0,150.0,148.0,142.0,141.0,152.0,153.0,148.0,136.0,157.0,,,
03/07/2023,,137.0,134.0,,132.0,136.0,,118.0,100.0,121.0,121.0,152.0,,107.0,136.0,136.0,175.0,150.0,,121.0,121.0,107.0,,,,123.0,,100.0,123.0,121.0,132.0,125.0,132.0,138.0,121.0,95.0,148.0,,,
03/08/2023,,139.0,140.0,,126.0,137.0,,139.0,136.0,132.0,132.0,140.0,,139.0,126.0,140.0,154.0,131.0,,132.0,132.0,139.0,,,,139.0,,114.0,139.0,99.0,126.0,126.0,139.0,139.0,99.0,102.0,141.0,,,
03/09/2023,,128.0,127.0,,109.0,126.0,,129.0,128.0,135.0,125.0,127.0,,127.0,115.0,131.0,138.0,123.0,,135.0,135.0,127.0,,,,127.0,,106.0,140.0,,109.0,103.0,131.0,128.0,74.0,98.0,131.0,,,
03/10/2023,,118.0,119.0,,104.0,115.0,,116.0,116.0,117.0,114.0,120.0,,116.0,111.0,119.0,181.0,119.0,,117.0,117.0,116.0,,,,116.0,,96.0,137.0,43.0,104.0,84.0,119.0,117.0,43.0,89.0,122.0,,,
03/11/2023,,105.0,122.0,,97.0,101.0,,96.0,92.0,100.0,100.0,122.0,,99.0,107.0,99.0,143.0,115.0,,100.0,100.0,99.0,,,,113.0,,90.0,110.0,30.0,97.0,110.0,98.0,103.0,30.0,84.0,130.0,,,
03/12/2023,,98.0,96.0,,97.0,97.0,,98.0,86.0,82.0,81.0,96.0,,96.0,110.0,97.0,141.0,123.0,,82.0,82.0,96.0,,,,95.0,,82.0,93.0,81.0,97.0,88.0,97.0,98.0,81.0,66.0,111.0,,,
03/13/2023,,101.0,40.0,,84.0,101.0,,100.0,39.0,70.0,63.0,44.0,,37.0,97.0,109.0,116.0,141.0,,70.0,70.0,37.0,,,,42.0,,74.0,113.0,38.0,84.0,83.0,107.0,102.0,37.0,39.0,124.0,,,
03/14/2023,,92.0,82.0,,84.0,86.0,,88.0,60.0,77.0,76.0,81.0,,71.0,90.0,90.0,167.0,107.0,,77.0,77.0,71.0,,,,81.0,,80.0,96.0,64.0,84.0,81.0,89.0,90.0,62.0,56.0,132.0,,,
03/15/2023,,130.0,144.0,,126.0,122.0,,127.0,97.0,112.0,104.0,145.0,,128.0,132.0,127.0,159.0,116.0,,112.0,112.0,128.0,,,,132.0,,89.0,126.0,133.0,126.0,110.0,127.0,135.0,133.0,70.0,135.0,,,
03/16/2023,,110.0,108.0,,112.0,111.0,,109.0,95.0,95.0,85.0,107.0,,106.0,117.0,112.0,,109.0,,101.0,101.0,106.0,,,,105.0,,85.0,129.0,88.0,112.0,109.0,113.0,110.0,88.0,70.0,123.0,,,
03/17/2023,,95.0,105.0,,92.0,86.0,,94.0,62.0,68.0,36.0,102.0,,92.0,106.0,93.0,140.0,115.0,,68.0,68.0,92.0,,,,109.0,,71.0,103.0,70.0,92.0,96.0,94.0,101.0,70.0,30.0,111.0,,,
03/18/2023,,109.0,110.0,,109.0,109.0,,109.0,104.0,30.0,22.0,110.0,,109.0,114.0,109.0,152.0,133.0,,30.0,30.0,109.0,,,,111.0,,73.0,110.0,102.0,109.0,100.0,109.0,109.0,102.0,28.0,100.0,,,
03/19/2023,,112.0,112.0,,112.0,112.0,,112.0,112.0,66.0,53.0,112.0,,112.0,123.0,112.0,132.0,124.0,,66.0,66.0,112.0,,,,112.0,,75.0,113.0,96.0,112.0,107.0,112.0,112.0,96.0,50.0,113.0,,,
03/20/2023,,126.0,125.0,,126.0,126.0,,126.0,120.0,97.0,80.0,125.0,,125.0,146.0,126.0,129.0,137.0,,97.0,97.0,125.0,,,,125.0,,81.0,132.0,122.0,126.0,122.0,126.0,126.0,122.0,66.0,125.0,,,
03/21/2023,,120.0,117.0,,123.0,122.0,,119.0,106.0,89.0,49.0,117.0,,115.0,134.0,123.0,117.0,134.0,,100.0,100.0,115.0,,,,114.0,,79.0,136.0,119.0,123.0,119.0,124.0,121.0,119.0,63.0,121.0,,,
03/22/2023,,107.0,90.0,,125.0,110.0,,105.0,58.0,44.0,44.0,89.0,,80.0,130.0,110.0,95.0,133.0,,44.0,44.0,80.0,,,,89.0,,67.0,118.0,101.0,125.0,108.0,109.0,108.0,101.0,43.0,111.0,,,
03/23/2023,,104.0,79.0,,115.0,108.0,,113.0,54.0,35.0,35.0,81.0,,75.0,131.0,110.0,111.0,141.0,,35.0,35.0,75.0,,,,75.0,,63.0,111.0,84.0,115.0,105.0,111.0,106.0,84.0,34.0,111.0,,,
03/24/2023,,88.0,56.0,,92.0,86.0,,87.0,46.0,40.0,40.0,57.0,,53.0,118.0,88.0,103.0,129.0,,40.0,40.0,53.0,,,,50.0,,64.0,107.0,61.0,92.0,89.0,87.0,86.0,59.0,40.0,112.0,,,
03/25/2023,,30.0,19.0,,27.0,29.0,,32.0,23.0,,28.0,26.0,,15.0,128.0,30.0,111.0,100.0,,,,15.0,,,,23.0,,57.0,107.0,42.0,27.0,50.0,31.0,29.0,39.0,28.0,81.0,,,
03/26/2023,,74.0,80.0,,48.0,62.0,,67.0,61.0,49.0,46.0,72.0,,71.0,112.0,67.0,130.0,105.0,,49.0,49.0,71.0,,,,81.0,,68.0,72.0,28.0,48.0,68.0,67.0,68.0,28.0,47.0,95.0,,,
03/27/2023,,99.0,124.0,,75.0,95.0,,95.0,82.0,67.0,56.0,119.0,,92.0,90.0,97.0,133.0,107.0,,67.0,67.0,92.0,,,,81.0,,80.0,114.0,103.0,75.0,66.0,96.0,98.0,103.0,60.0,113.0,,,
03/28/2023,,113.0,126.0,,81.0,103.0,,108.0,103.0,78.0,43.0,124.0,,113.0,81.0,107.0,120.0,107.0,,78.0,85.0,113.0,,,,114.0,,91.0,110.0,112.0,81.0,88.0,107.0,109.0,112.0,62.0,124.0,,,
03/29/2023,,117.0,116.0,,116.0,117.0,,117.0,116.0,106.0,103.0,115.0,,117.0,116.0,117.0,117.0,132.0,,106.0,115.0,117.0,,,,116.0,,100.0,125.0,69.0,116.0,113.0,117.0,117.0,69.0,92.0,119.0,,,
03/30/2023,,104.0,82.0,,109.0,105.0,,105.0,83.0,83.0,73.0,83.0,,81.0,127.0,107.0,128.0,153.0,,83.0,86.0,81.0,,,,81.0,,79.0,122.0,31.0,109.0,104.0,106.0,104.0,31.0,73.0,112.0,,,
03/31/2023,,100.0,84.0,,100.0,97.0,,99.0,91.0,80.0,56.0,74.0,,98.0,117.0,100.0,136.0,126.0,,80.0,82.0,98.0,,,,91.0,,82.0,127.0,17.0,100.0,94.0,100.0,101.0,17.0,58.0,109.0,,,
04/01/2023,,57.0,62.0,,61.0,60.0,,56.0,49.0,42.0,42.0,59.0,,56.0,87.0,61.0,123.0,110.0,,42.0,42.0,56.0,,,,76.0,,72.0,122.0,34.0,61.0,68.0,58.0,58.0,34.0,42.0,89.0,,,
04/02/2023,,68.0,72.0,,68.0,68.0,,68.0,64.0,52.0,52.0,71.0,,67.0,128.0,68.0,146.0,137.0,,52.0,52.0,67.0,,,,62.0,,77.0,81.0,16.0,68.0,63.0,68.0,68.0,16.0,52.0,97.0,,,
04/03/2023,,110.0,124.0,,113.0,112.0,,111.0,115.0,102.0,102.0,123.0,,115.0,122.0,112.0,130.0,140.0,,102.0,102.0,115.0,,,,115.0,,94.0,121.0,62.0,114.0,112.0,111.0,113.0,62.0,89.0,127.0,,,
04/04/2023,,129.0,135.0,,123.0,128.0,,129.0,132.0,121.0,115.0,135.0,,132.0,127.0,130.0,136.0,144.0,,121.0,121.0,132.0,,,,132.0,,103.0,133.0,60.0,123.0,129.0,130.0,130.0,56.0,114.0,136.0,,,
04/05/2023,,140.0,142.0,,110.0,136.0,,141.0,141.0,125.0,108.0,143.0,,141.0,134.0,142.0,153.0,171.0,,125.0,128.0,141.0,,,,140.0,,101.0,143.0,105.0,110.0,138.0,142.0,139.0,104.0,113.0,143.0,,,
04/06/2023,,126.0,130.0,,126.0,128.0,,124.0,119.0,96.0,93.0,130.0,,124.0,127.0,128.0,147.0,150.0,,96.0,96.0,124.0,,,,129.0,,89.0,134.0,98.0,126.0,132.0,128.0,128.0,90.0,93.0,130.0,,,
04/07/2023,,118.0,128.0,,120.0,119.0,,115.0,105.0,56.0,56.0,123.0,,109.0,126.0,119.0,131.0,149.0,,56.0,56.0,109.0,,,,126.0,,84.0,134.0,101.0,120.0,117.0,119.0,119.0,83.0,56.0,119.0,,,
04/08/2023,,117.0,116.0,,119.0,119.0,,118.0,104.0,54.0,54.0,117.0,,117.0,131.0,119.0,118.0,132.0,,54.0,54.0,117.0,,,,112.0,,87.0,130.0,,119.0,127.0,118.0,120.0,87.0,54.0,124.0,,,
04/09/2023,,105.0,105.0,,105.0,105.0,,105.0,105.0,52.0,52.0,105.0,,105.0,137.0,105.0,92.0,162.0,,52.0,52.0,105.0,,,,105.0,,80.0,114.0,76.0,105.0,111.0,105.0,105.0,76.0,52.0,100.0,,,
04/10/2023,,65.0,53.0,,76.0,70.0,,81.0,41.0,29.0,29.0,54.0,,40.0,107.0,72.0,97.0,101.0,,29.0,29.0,40.0,,,,49.0,,52.0,108.0,53.0,76.0,69.0,71.0,68.0,53.0,29.0,66.0,,,
04/11/2023,,107.0,79.0,,96.0,100.0,,99.0,61.0,40.0,31.0,91.0,,60.0,119.0,97.0,116.0,135.0,,40.0,40.0,60.0,,,,59.0,,62.0,124.0,91.0,96.0,94.0,94.0,102.0,91.0,33.0,125.0,,,
04/12/2023,,111.0,102.0,,112.0,112.0,,111.0,94.0,39.0,39.0,106.0,,108.0,130.0,112.0,,154.0,,39.0,39.0,108.0,,,,100.0,,76.0,142.0,39.0,112.0,115.0,113.0,111.0,39.0,39.0,131.0,,,
04/13/2023,,120.0,111.0,,124.0,123.0,,124.0,90.0,23.0,18.0,117.0,,108.0,132.0,124.0,,145.0,,23.0,29.0,108.0,,,,77.0,,68.0,147.0,67.0,124.0,119.0,125.0,123.0,57.0,21.0,139.0,,,
04/14/2023,,128.0,130.0,,95.0,124.0,,127.0,128.0,36.0,32.0,130.0,,129.0,106.0,129.0,,140.0,,36.0,47.0,129.0,,,,126.0,,79.0,135.0,51.0,95.0,132.0,129.0,126.0,47.0,36.0,135.0,,,
04/15/2023,,108.0,106.0,,106.0,107.0,,107.0,79.0,42.0,42.0,106.0,,107.0,125.0,107.0,,132.0,,42.0,42.0,107.0,,,,98.0,,78.0,121.0,22.0,106.0,108.0,107.0,107.0,22.0,42.0,120.0,,,
04/16/2023,,110.0,110.0,,89.0,111.0,,110.0,104.0,72.0,72.0,110.0,,110.0,120.0,110.0,,128.0,,72.0,72.0,110.0,,,,110.0,,84.0,117.0,35.0,89.0,104.0,110.0,110.0,25.0,70.0,111.0,,,
04/17/2023,,122.0,124.0,,96.0,110.0,,119.0,124.0,105.0,101.0,124.0,,124.0,139.0,118.0,,144.0,,105.0,105.0,124.0,,,,124.0,,93.0,138.0,78.0,79.0,115.0,118.0,118.0,67.0,96.0,128.0,,,
04/18/2023,,112.0,111.0,,116.0,114.0,,117.0,98.0,85.0,85.0,111.0,,108.0,136.0,115.0,,145.0,,85.0,85.0,108.0,,,,108.0,,88.0,130.0,99.0,115.0,120.0,116.0,114.0,96.0,85.0,,,,
04/19/2023,,103.0,83.0,,131.0,122.0,,113.0,68.0,57.0,57.0,110.0,,88.0,134.0,124.0,,143.0,,57.0,57.0,88.0,,,,52.0,,79.0,128.0,114.0,123.0,110.0,119.0,121.0,113.0,57.0,123.0,,,
04/20/2023,,111.0,113.0,,116.0,115.0,,111.0,70.0,59.0,59.0,113.0,,112.0,120.0,119.0,,148.0,,59.0,59.0,112.0,,,,112.0,,79.0,130.0,115.0,114.0,116.0,115.0,114.0,108.0,51.0,134.0,,,
04/21/2023,,100.0,115.0,,108.0,106.0,,106.0,82.0,74.0,59.0,119.0,,89.0,124.0,105.0,,144.0,,74.0,74.0,89.0,,,,101.0,,77.0,125.0,101.0,105.0,105.0,105.0,107.0,101.0,61.0,129.0,,,
04/22/2023,,86.0,96.0,,94.0,88.0,,86.0,71.0,36.0,36.0,93.0,,84.0,115.0,88.0,,121.0,,36.0,34.0,84.0,,,,92.0,,69.0,116.0,79.0,88.0,94.0,87.0,87.0,79.0,36.0,110.0,,,
04/23/2023,,85.0,85.0,,47.0,86.0,,86.0,78.0,37.0,37.0,83.0,,86.0,94.0,85.0,,123.0,,37.0,49.0,86.0,,,,86.0,,70.0,88.0,50.0,47.0,86.0,85.0,86.0,50.0,40.0,87.0,,,
04/24/2023,,106.0,107.0,,94.0,105.0,,105.0,96.0,73.0,67.0,106.0,,105.0,106.0,106.0,,113.0,,73.0,84.0,105.0,,,,104.0,,84.0,126.0,96.0,94.0,97.0,106.0,106.0,92.0,71.0,113.0,,,
04/25/2023,,104.0,117.0,,93.0,104.0,,103.0,57.0,64.0,39.0,111.0,,101.0,101.0,105.0,,105.0,,64.0,64.0,101.0,,,,91.0,,76.0,125.0,96.0,93.0,107.0,105.0,105.0,91.0,39.0,113.0,,,
04/26/2023,,111.0,122.0,,107.0,111.0,,111.0,69.0,80.0,57.0,118.0,,111.0,119.0,112.0,,115.0,,80.0,80.0,111.0,,,,111.0,,86.0,112.0,109.0,107.0,112.0,111.0,112.0,109.0,57.0,121.0,,,
04/27/2023,,110.0,108.0,,71.0,106.0,,112.0,107.0,108.0,99.0,108.0,,112.0,97.0,113.0,,130.0,,108.0,108.0,112.0,,,,95.0,,95.0,120.0,109.0,71.0,111.0,113.0,109.0,109.0,102.0,116.0,,,
04/28/2023,,106.0,105.0,,74.0,102.0,,106.0,105.0,104.0,97.0,105.0,,106.0,133.0,108.0,,134.0,,104.0,104.0,106.0,,,,106.0,,93.0,122.0,108.0,74.0,101.0,107.0,105.0,108.0,99.0,111.0,,,
04/29/2023,,101.0,101.0,,100.0,101.0,,101.0,83.0,72.0,65.0,100.0,,101.0,118.0,101.0,,121.0,,72.0,72.0,101.0,,,,100.0,,83.0,122.0,88.0,100.0,102.0,101.0,101.0,83.0,65.0,100.0,,,
04/30/2023,,69.0,75.0,,70.0,69.0,,69.0,57.0,43.0,24.0,71.0,,68.0,120.0,69.0,,113.0,,43.0,43.0,68.0,,,,59.0,,68.0,73.0,70.0,69.0,84.0,69.0,69.0,65.0,28.0,81.0,,,
05/01/2023,,83.0,84.0,,73.0,82.0,,83.0,82.0,51.0,51.0,80.0,,88.0,117.0,82.0,,113.0,,51.0,51.0,88.0,,,83.0,90.0,,78.0,82.0,95.0,73.0,79.0,82.0,82.0,61.0,51.0,96.0,,,
05/02/2023,,106.0,106.0,,106.0,106.0,,106.0,101.0,94.0,87.0,106.0,,106.0,116.0,106.0,,123.0,,95.0,95.0,106.0,,,104.0,106.0,,89.0,107.0,111.0,106.0,104.0,106.0,106.0,108.0,89.0,102.0,,,
05/03/2023,,105.0,97.0,,106.0,105.0,,106.0,97.0,82.0,53.0,93.0,,108.0,126.0,106.0,,123.0,,84.0,84.0,108.0,,,103.0,99.0,,87.0,109.0,84.0,106.0,107.0,106.0,105.0,84.0,61.0,104.0,,,
05/04/2023,,97.0,92.0,,105.0,105.0,,102.0,97.0,94.0,88.0,87.0,,97.0,127.0,104.0,,116.0,,96.0,96.0,97.0,,,103.0,96.0,,86.0,116.0,90.0,105.0,105.0,105.0,105.0,90.0,90.0,97.0,,,
05/05/2023,,96.0,99.0,,96.0,97.0,,96.0,61.0,85.0,82.0,98.0,,96.0,106.0,97.0,,117.0,,85.0,85.0,96.0,,,97.0,96.0,,77.0,103.0,101.0,96.0,95.0,97.0,97.0,101.0,82.0,95.0,,,
05/06/2023,,90.0,89.0,,90.0,90.0,,90.0,76.0,73.0,72.0,89.0,,90.0,97.0,90.0,,105.0,,73.0,73.0,90.0,,,89.0,90.0,,75.0,99.0,91.0,90.0,87.0,90.0,90.0,91.0,72.0,85.0,,,
05/07/2023,,70.0,87.0,,70.0,71.0,,70.0,59.0,61.0,58.0,79.0,,67.0,81.0,71.0,,91.0,,61.0,61.0,67.0,,,82.0,86.0,,68.0,79.0,64.0,70.0,74.0,70.0,71.0,64.0,57.0,73.0,,,
05/08/2023,,96.0,98.0,,99.0,99.0,,97.0,78.0,83.0,68.0,96.0,,96.0,146.0,99.0,,132.0,,85.0,85.0,96.0,,,101.0,100.0,,77.0,106.0,98.0,99.0,101.0,98.0,99.0,98.0,68.0,93.0,,,
05/09/2023,,96.0,104.0,,101.0,100.0,,97.0,52.0,65.0,18.0,100.0,,95.0,139.0,100.0,,135.0,,80.0,80.0,95.0,,,101.0,104.0,,67.0,100.0,89.0,101.0,101.0,99.0,99.0,89.0,20.0,98.0,,,
05/10/2023,,105.0,104.0,,118.0,116.0,,108.0,50.0,61.0,7.0,100.0,,108.0,124.0,118.0,,126.0,,72.0,72.0,108.0,,,113.0,107.0,,65.0,88.0,83.0,118.0,116.0,115.0,114.0,83.0,8.0,104.0,,,
05/11/2023,,113.0,112.0,,124.0,121.0,,115.0,99.0,67.0,19.0,112.0,,116.0,113.0,124.0,,121.0,,94.0,94.0,116.0,,,116.0,110.0,,69.0,105.0,82.0,124.0,120.0,120.0,118.0,82.0,31.0,113.0,,,
05/12/2023,,103.0,100.0,,106.0,105.0,,105.0,91.0,82.0,44.0,97.0,,101.0,113.0,105.0,,117.0,,95.0,95.0,101.0,,,107.0,98.0,,66.0,96.0,74.0,106.0,112.0,106.0,104.0,74.0,56.0,101.0,,,
05/13/2023,,79.0,79.0,,80.0,79.0,,79.0,76.0,61.0,21.0,75.0,,78.0,118.0,80.0,,114.0,,77.0,77.0,78.0,,,84.0,66.0,,51.0,95.0,51.0,80.0,87.0,80.0,79.0,51.0,35.0,89.0,,,
05/14/2023,,70.0,66.0,,71.0,70.0,,72.0,72.0,51.0,8.0,59.0,,72.0,106.0,71.0,,98.0,,71.0,71.0,72.0,,,,71.0,,44.0,79.0,50.0,71.0,69.0,71.0,70.0,40.0,24.0,76.0,,,
05/15/2023,,113.0,98.0,,119.0,116.0,,115.0,113.0,69.0,25.0,90.0,,114.0,123.0,119.0,,111.0,,116.0,116.0,114.0,,,,106.0,,59.0,129.0,57.0,119.0,98.0,120.0,114.0,56.0,45.0,102.0,,,
05/16/2023,,88.0,81.0,,99.0,95.0,,95.0,56.0,81.0,13.0,80.0,,79.0,115.0,99.0,,97.0,,83.0,83.0,79.0,,,,78.0,,42.0,120.0,44.0,99.0,99.0,101.0,93.0,42.0,29.0,101.0,,,
05/17/2023,,80.0,84.0,,95.0,93.0,,92.0,37.0,70.0,0.0,82.0,,79.0,118.0,96.0,,111.0,,86.0,86.0,79.0,,,90.0,75.0,,28.0,120.0,50.0,95.0,100.0,93.0,92.0,50.0,9.0,99.0,,,
05/19/2023,,86.0,82.0,,75.0,90.0,,88.0,87.0,73.0,22.0,80.0,,87.0,113.0,90.0,,110.0,,89.0,89.0,87.0,,,94.0,86.0,,56.0,133.0,60.0,75.0,95.0,90.0,90.0,60.0,32.0,91.0,,,
05/20/2023,,47.0,48.0,,46.0,47.0,,47.0,47.0,41.0,2.0,47.0,,47.0,72.0,47.0,,99.0,,47.0,47.0,47.0,,,51.0,46.0,,34.0,115.0,45.0,46.0,54.0,47.0,47.0,45.0,15.0,78.0,,,
05/21/2023,,30.0,31.0,,30.0,30.0,,29.0,30.0,29.0,1.0,30.0,,28.0,61.0,30.0,,68.0,,32.0,32.0,28.0,,,34.0,23.0,,22.0,66.0,40.0,28.0,29.0,31.0,30.0,32.0,11.0,45.0,,,
05/22/2023,,96.0,89.0,,97.0,97.0,,97.0,87.0,79.0,23.0,86.0,,97.0,99.0,98.0,,108.0,,96.0,96.0,97.0,,,76.0,88.0,,53.0,116.0,89.0,97.0,84.0,98.0,97.0,89.0,36.0,91.0,,,
05/23/2023,,81.0,77.0,,94.0,94.0,,91.0,63.0,79.0,10.0,73.0,,73.0,101.0,95.0,,105.0,,79.0,79.0,73.0,,,84.0,63.0,,41.0,125.0,84.0,94.0,93.0,95.0,93.0,84.0,30.0,87.0,,,
05/24/2023,,98.0,89.0,,102.0,100.0,,102.0,95.0,77.0,0.0,83.0,,102.0,114.0,102.0,,107.0,,127.0,127.0,102.0,,,92.0,95.0,,47.0,137.0,85.0,102.0,100.0,103.0,100.0,85.0,29.0,96.0,,,
05/25/2023,,84.0,75.0,,87.0,86.0,,89.0,53.0,76.0,1.0,72.0,,82.0,101.0,87.0,,102.0,,76.0,76.0,82.0,,,91.0,73.0,,33.0,129.0,76.0,87.0,94.0,88.0,85.0,76.0,18.0,89.0,,,
05/26/2023,,70.0,67.0,,74.0,72.0,,73.0,56.0,54.0,7.0,63.0,,70.0,94.0,73.0,,93.0,,54.0,54.0,70.0,,,77.0,61.0,77.0,33.0,109.0,66.0,73.0,74.0,73.0,71.0,66.0,18.0,82.0,,,
05/27/2023,,60.0,61.0,,64.0,63.0,,62.0,63.0,63.0,4.0,59.0,,63.0,68.0,64.0,,72.0,,63.0,63.0,63.0,,,69.0,52.0,,32.0,95.0,86.0,64.0,63.0,63.0,63.0,86.0,19.0,60.0,,,
05/28/2023,,34.0,40.0,,44.0,41.0,,35.0,,44.0,,40.0,,27.0,51.0,42.0,,66.0,,44.0,44.0,27.0,,,57.0,5.0,,41.0,62.0,85.0,40.0,45.0,43.0,40.0,85.0,,36.0,,,
05/29/2023,,28.0,20.0,,55.0,48.0,,41.0,29.0,36.0,6.0,29.0,,21.0,88.0,49.0,,87.0,,43.0,43.0,21.0,,,59.0,11.0,,25.0,112.0,96.0,55.0,49.0,47.0,48.0,96.0,14.0,44.0,,,
05/31/2023,,79.0,64.0,,90.0,87.0,,85.0,56.0,26.0,-1.0,64.0,,72.0,101.0,89.0,,93.0,,79.0,79.0,72.0,,,91.0,66.0,85.0,34.0,114.0,88.0,90.0,89.0,86.0,86.0,88.0,21.0,76.0,,,
06/01/2023,,73.0,72.0,,76.0,76.0,,75.0,66.0,75.0,5.0,71.0,,73.0,76.0,76.0,,96.0,,76.0,76.0,73.0,,,75.0,71.0,79.0,37.0,93.0,85.0,76.0,79.0,76.0,76.0,85.0,28.0,70.0,,,
06/02/2023,,79.0,75.0,,80.0,79.0,,80.0,81.0,80.0,23.0,73.0,,81.0,78.0,80.0,,83.0,,80.0,80.0,81.0,,,77.0,79.0,74.0,45.0,86.0,87.0,80.0,77.0,80.0,79.0,87.0,37.0,72.0,,,
06/03/2023,,56.0,54.0,,59.0,56.0,,56.0,57.0,56.0,17.0,52.0,,56.0,64.0,57.0,,77.0,,56.0,56.0,56.0,,,61.0,55.0,,36.0,81.0,85.0,57.0,55.0,57.0,56.0,79.0,26.0,54.0,,,
06/04/2023,,51.0,49.0,,54.0,52.0,,51.0,52.0,53.0,9.0,49.0,,50.0,84.0,53.0,,62.0,,53.0,53.0,50.0,,,50.0,45.0,,34.0,61.0,77.0,52.0,45.0,52.0,51.0,67.0,20.0,39.0,,,
06/05/2023,,88.0,84.0,,89.0,89.0,,90.0,91.0,92.0,4.0,82.0,,91.0,93.0,90.0,,96.0,,92.0,92.0,91.0,,,80.0,81.0,77.0,43.0,112.0,87.0,89.0,86.0,90.0,89.0,87.0,26.0,83.0,,,
06/06/2023,,93.0,85.0,,86.0,93.0,,96.0,97.0,98.0,17.0,83.0,,98.0,86.0,95.0,,90.0,,98.0,98.0,98.0,,,93.0,81.0,93.0,48.0,115.0,87.0,86.0,95.0,95.0,93.0,87.0,38.0,87.0,,,
06/07/2023,,98.0,89.0,,93.0,98.0,,100.0,101.0,99.0,28.0,87.0,,101.0,93.0,99.0,,94.0,,101.0,101.0,101.0,,,95.0,88.0,,55.0,112.0,87.0,94.0,92.0,100.0,98.0,87.0,46.0,93.0,,,
06/08/2023,,84.0,83.0,,84.0,84.0,,84.0,85.0,109.0,24.0,81.0,,85.0,84.0,84.0,,90.0,,109.0,109.0,85.0,,,80.0,83.0,,52.0,89.0,81.0,84.0,83.0,84.0,84.0,81.0,39.0,80.0,,,
06/09/2023,,86.0,86.0,,87.0,86.0,,87.0,74.0,87.0,31.0,85.0,,87.0,88.0,87.0,,92.0,,87.0,87.0,87.0,,,83.0,86.0,79.0,52.0,97.0,82.0,87.0,84.0,87.0,86.0,82.0,41.0,85.0,,,
06/10/2023,,59.0,68.0,,59.0,60.0,,57.0,37.0,60.0,25.0,63.0,,55.0,73.0,60.0,,101.0,,60.0,60.0,55.0,,,62.0,53.0,61.0,39.0,74.0,82.0,59.0,58.0,59.0,59.0,81.0,25.0,60.0,,,
06/11/2023,,44.0,55.0,,44.0,44.0,,43.0,37.0,44.0,3.0,50.0,,41.0,80.0,44.0,,96.0,,44.0,44.0,41.0,,,51.0,47.0,,28.0,47.0,80.0,44.0,47.0,44.0,44.0,67.0,17.0,45.0,,,
06/12/2023,,97.0,101.0,,90.0,97.0,,97.0,94.0,99.0,17.0,99.0,,96.0,85.0,97.0,,102.0,,99.0,99.0,96.0,,,89.0,93.0,,53.0,106.0,94.0,91.0,92.0,97.0,97.0,94.0,47.0,99.0,,,
06/13/2023,,95.0,92.0,,95.0,95.0,,93.0,90.0,109.0,39.0,93.0,,90.0,95.0,95.0,,106.0,,109.0,109.0,90.0,,,97.0,87.0,96.0,58.0,136.0,90.0,95.0,95.0,95.0,95.0,90.0,55.0,96.0,,,
06/14/2023,,104.0,100.0,,103.0,105.0,,105.0,103.0,111.0,65.0,99.0,,103.0,99.0,107.0,,109.0,,111.0,111.0,103.0,,,98.0,101.0,96.0,63.0,118.0,86.0,104.0,98.0,107.0,105.0,85.0,75.0,99.0,,,
06/15/2023,,118.0,115.0,,104.0,115.0,,119.0,120.0,131.0,62.0,112.0,,120.0,102.0,119.0,,112.0,,131.0,131.0,120.0,,,103.0,116.0,108.0,70.0,129.0,105.0,108.0,110.0,118.0,116.0,105.0,77.0,112.0,,,
06/16/2023,,127.0,128.0,,108.0,124.0,,127.0,128.0,97.0,64.0,127.0,,128.0,108.0,128.0,,113.0,,130.0,130.0,128.0,,,104.0,127.0,108.0,72.0,140.0,123.0,112.0,105.0,128.0,126.0,122.0,80.0,120.0,,,
06/17/2023,,104.0,104.0,,103.0,104.0,,105.0,105.0,96.0,52.0,104.0,,105.0,104.0,105.0,,106.0,,105.0,105.0,105.0,,,94.0,104.0,,66.0,132.0,99.0,103.0,94.0,105.0,104.0,97.0,65.0,99.0,,,
06/18/2023,,92.0,91.0,,66.0,92.0,,93.0,93.0,91.0,45.0,89.0,,93.0,64.0,93.0,,104.0,,95.0,95.0,93.0,,,83.0,93.0,,61.0,121.0,88.0,66.0,80.0,92.0,93.0,86.0,57.0,92.0,,,
06/19/2023,,116.0,115.0,,59.0,107.0,,117.0,117.0,,77.0,113.0,,117.0,90.0,120.0,,125.0,,,,117.0,,,103.0,117.0,,70.0,146.0,107.0,59.0,113.0,118.0,114.0,107.0,87.0,120.0,,,
06/20/2023,,121.0,121.0,,48.0,110.0,,121.0,121.0,102.0,62.0,120.0,,121.0,75.0,123.0,,118.0,,121.0,121.0,121.0,,,107.0,120.0,102.0,72.0,147.0,112.0,48.0,97.0,122.0,119.0,112.0,76.0,121.0,,,
06/21/2023,,124.0,125.0,,105.0,120.0,,124.0,123.0,102.0,58.0,123.0,,123.0,105.0,125.0,,131.0,,119.0,119.0,123.0,,,102.0,122.0,99.0,72.0,160.0,117.0,105.0,75.0,124.0,123.0,117.0,73.0,126.0,,,
06/22/2023,,125.0,125.0,,81.0,121.0,,126.0,125.0,115.0,48.0,124.0,,126.0,82.0,128.0,,129.0,,123.0,123.0,126.0,,,106.0,125.0,97.0,70.0,169.0,123.0,81.0,120.0,127.0,124.0,122.0,62.0,126.0,,,
06/23/2023,,110.0,107.0,,100.0,111.0,,111.0,105.0,57.0,12.0,107.0,,106.0,103.0,115.0,,120.0,,124.0,124.0,106.0,,,84.0,106.0,73.0,61.0,146.0,111.0,100.0,99.0,116.0,111.0,110.0,34.0,107.0,,,
06/24/2023,,81.0,79.0,,79.0,80.0,,81.0,82.0,68.0,23.0,77.0,,82.0,97.0,81.0,,113.0,,83.0,83.0,82.0,,,89.0,81.0,,47.0,134.0,94.0,79.0,85.0,81.0,81.0,82.0,30.0,86.0,,,
06/25/2023,,74.0,68.0,,73.0,73.0,,75.0,76.0,58.0,38.0,63.0,,75.0,98.0,74.0,,95.0,,58.0,58.0,75.0,,,75.0,75.0,,42.0,115.0,,73.0,72.0,75.0,73.0,72.0,43.0,71.0,,,
06/26/2023,,101.0,95.0,,100.0,109.0,,108.0,88.0,123.0,80.0,90.0,,97.0,105.0,112.0,,116.0,,123.0,123.0,97.0,,,96.0,91.0,89.0,57.0,160.0,,100.0,97.0,114.0,108.0,93.0,79.0,92.0,,,
06/27/2023,,104.0,105.0,,89.0,104.0,,104.0,80.0,109.0,80.0,104.0,,102.0,93.0,106.0,,120.0,,109.0,109.0,102.0,,,108.0,102.0,105.0,58.0,123.0,101.0,89.0,110.0,106.0,105.0,101.0,81.0,105.0,,,
06/28/2023,,112.0,109.0,,101.0,111.0,,112.0,111.0,113.0,109.0,106.0,,113.0,112.0,113.0,,120.0,,113.0,113.0,113.0,,,112.0,112.0,107.0,65.0,128.0,104.0,101.0,109.0,113.0,111.0,104.0,109.0,109.0,,,
06/29/2023,,118.0,113.0,,118.0,118.0,,118.0,118.0,118.0,109.0,110.0,,118.0,119.0,118.0,,121.0,,118.0,118.0,118.0,,,110.0,116.0,,66.0,128.0,104.0,118.0,112.0,119.0,117.0,104.0,111.0,111.0,,,
06/30/2023,,111.0,102.0,,111.0,112.0,,112.0,104.0,98.0,75.0,101.0,,110.0,111.0,114.0,,120.0,,115.0,115.0,110.0,,,109.0,102.0,,60.0,143.0,97.0,111.0,109.0,115.0,112.0,97.0,83.0,104.0,,,
07/01/2023,,71.0,47.0,,74.0,72.0,,71.0,54.0,64.0,30.0,41.0,,66.0,99.0,74.0,,103.0,,64.0,64.0,66.0,,,70.0,58.0,,40.0,122.0,89.0,74.0,64.0,75.0,71.0,60.0,31.0,62.0,,,
07/02/2023,,-17.0,-2.0,,23.0,-5.0,,34.0,-29.0,5.0,4.0,-1.0,,-54.0,72.0,0.0,,112.0,,5.0,5.0,-54.0,,,38.0,-89.0,,6.0,45.0,86.0,23.0,38.0,24.0,-45.0,48.0,3.0,-1.0,,,
07/03/2023,,81.0,58.0,,98.0,96.0,,96.0,29.0,31.0,30.0,67.0,,53.0,115.0,98.0,,116.0,,31.0,31.0,53.0,,,90.0,52.0,,34.0,86.0,117.0,98.0,83.0,97.0,95.0,117.0,30.0,86.0,,,
07/04/2023,,107.0,101.0,,114.0,116.0,,107.0,58.0,72.0,41.0,97.0,,85.0,114.0,114.0,,135.0,,72.0,72.0,85.0,,,108.0,87.0,,50.0,112.0,113.0,114.0,112.0,107.0,117.0,113.0,43.0,96.0,,,
07/05/2023,,98.0,77.0,,109.0,105.0,,96.0,65.0,80.0,48.0,80.0,,70.0,109.0,107.0,,116.0,,94.0,94.0,70.0,,,99.0,71.0,,52.0,132.0,107.0,109.0,99.0,105.0,104.0,107.0,50.0,94.0,,,
07/06/2023,,107.0,104.0,,108.0,107.0,,107.0,77.0,99.0,55.0,103.0,,107.0,110.0,107.0,,117.0,,99.0,99.0,107.0,,,110.0,103.0,,57.0,133.0,112.0,108.0,112.0,108.0,107.0,112.0,55.0,105.0,,,
07/07/2023,,101.0,96.0,,101.0,101.0,,102.0,99.0,87.0,63.0,93.0,,103.0,107.0,102.0,,122.0,,90.0,90.0,103.0,,,109.0,98.0,,61.0,124.0,103.0,101.0,106.0,102.0,101.0,103.0,63.0,99.0,,,
07/08/2023,,82.0,82.0,,75.0,81.0,,82.0,82.0,59.0,49.0,81.0,,82.0,103.0,83.0,,108.0,,59.0,59.0,82.0,,,89.0,80.0,,52.0,99.0,91.0,75.0,73.0,82.0,82.0,88.0,49.0,78.0,,,
07/09/2023,,89.0,89.0,,60.0,90.0,,89.0,89.0,60.0,55.0,88.0,,89.0,98.0,90.0,,105.0,,60.0,60.0,89.0,,,80.0,89.0,,56.0,94.0,,60.0,82.0,89.0,90.0,91.0,55.0,83.0,,,
07/10/2023,,118.0,113.0,,121.0,121.0,,117.0,112.0,104.0,68.0,115.0,,114.0,121.0,120.0,,127.0,,113.0,113.0,114.0,,,110.0,112.0,108.0,60.0,129.0,110.0,121.0,115.0,120.0,121.0,110.0,69.0,109.0,,,
07/11/2023,,114.0,96.0,,121.0,121.0,,112.0,100.0,106.0,55.0,104.0,,106.0,122.0,121.0,,124.0,,116.0,116.0,106.0,,,122.0,97.0,115.0,54.0,132.0,106.0,121.0,126.0,118.0,120.0,106.0,61.0,112.0,,,
07/12/2023,,109.0,79.0,,118.0,115.0,,126.0,73.0,98.0,43.0,98.0,,88.0,124.0,118.0,,120.0,,108.0,108.0,88.0,,,113.0,75.0,,44.0,141.0,100.0,118.0,117.0,115.0,113.0,100.0,44.0,100.0,,,
07/13/2023,,106.0,93.0,,113.0,112.0,,109.0,83.0,111.0,45.0,101.0,,98.0,114.0,113.0,,113.0,,111.0,111.0,98.0,,,112.0,91.0,112.0,49.0,141.0,102.0,113.0,117.0,113.0,111.0,102.0,48.0,103.0,,,
07/14/2023,,95.0,84.0,,97.0,96.0,,96.0,96.0,99.0,43.0,81.0,,97.0,118.0,97.0,,103.0,,99.0,99.0,97.0,,,106.0,85.0,,49.0,127.0,88.0,97.0,104.0,97.0,95.0,87.0,43.0,93.0,,,
07/15/2023,,34.0,30.0,,44.0,40.0,,33.0,31.0,36.0,18.0,30.0,,33.0,107.0,45.0,,108.0,,36.0,36.0,33.0,,,93.0,32.0,,23.0,104.0,69.0,44.0,61.0,36.0,38.0,63.0,18.0,55.0,,,
07/16/2023,,40.0,12.0,,52.0,43.0,,25.0,5.0,25.0,-8.0,18.0,,15.0,102.0,54.0,,109.0,,32.0,32.0,15.0,,,89.0,11.0,,1.0,66.0,,52.0,39.0,39.0,39.0,60.0,-8.0,32.0,,,
07/17/2023,,102.0,69.0,,117.0,111.0,,103.0,22.0,74.0,5.0,81.0,,82.0,116.0,117.0,,119.0,,111.0,111.0,82.0,,,100.0,59.0,101.0,21.0,136.0,,117.0,104.0,114.0,108.0,87.0,5.0,87.0,,,
07/18/2023,,109.0,98.0,,117.0,115.0,,108.0,67.0,79.0,17.0,103.0,,106.0,117.0,115.0,,120.0,,80.0,80.0,106.0,,,119.0,98.0,117.0,31.0,117.0,,118.0,114.0,111.0,114.0,97.0,20.0,98.0,,,
07/19/2023,,99.0,90.0,,128.0,125.0,,104.0,97.0,97.0,30.0,89.0,,97.0,127.0,126.0,,129.0,,112.0,112.0,97.0,,,118.0,95.0,117.0,37.0,139.0,95.0,128.0,120.0,116.0,123.0,95.0,30.0,99.0,,,
07/20/2023,,100.0,95.0,,136.0,115.0,,97.0,63.0,105.0,28.0,96.0,,97.0,136.0,121.0,,121.0,,106.0,106.0,97.0,,,126.0,94.0,,31.0,131.0,94.0,136.0,120.0,106.0,109.0,94.0,28.0,94.0,,,
07/21/2023,,106.0,92.0,,136.0,121.0,,106.0,95.0,92.0,27.0,89.0,,104.0,139.0,125.0,,115.0,,114.0,114.0,104.0,,,122.0,95.0,,37.0,136.0,93.0,136.0,123.0,113.0,116.0,93.0,27.0,96.0,,,
07/22/2023,,77.0,75.0,,101.0,93.0,,73.0,76.0,82.0,23.0,74.0,,77.0,122.0,97.0,,109.0,,82.0,82.0,77.0,,,113.0,78.0,,34.0,93.0,92.0,103.0,95.0,80.0,84.0,92.0,23.0,77.0,,,
07/23/2023,,33.0,30.0,,69.0,58.0,,28.0,29.0,37.0,14.0,32.0,,31.0,118.0,62.0,,112.0,,37.0,37.0,31.0,,,116.0,30.0,,21.0,89.0,65.0,69.0,82.0,35.0,45.0,62.0,15.0,42.0,,,
07/24/2023,,92.0,87.0,,112.0,104.0,,95.0,58.0,115.0,27.0,86.0,,91.0,116.0,105.0,,117.0,,115.0,115.0,91.0,,,116.0,90.0,,38.0,131.0,90.0,112.0,108.0,104.0,102.0,90.0,27.0,87.0,,,
07/25/2023,,103.0,94.0,,108.0,105.0,,104.0,57.0,113.0,26.0,93.0,,104.0,127.0,108.0,,120.0,,113.0,113.0,104.0,,,118.0,83.0,,34.0,138.0,91.0,108.0,111.0,107.0,105.0,91.0,26.0,93.0,,,
07/26/2023,,96.0,95.0,,112.0,105.0,,98.0,61.0,124.0,30.0,98.0,,95.0,117.0,109.0,,105.0,,124.0,124.0,95.0,,,106.0,94.0,,39.0,128.0,101.0,112.0,101.0,106.0,102.0,101.0,30.0,97.0,,,
07/27/2023,,94.0,90.0,,97.0,96.0,,95.0,91.0,103.0,33.0,89.0,,94.0,116.0,97.0,,116.0,,103.0,103.0,94.0,,,112.0,93.0,,45.0,127.0,99.0,97.0,105.0,98.0,95.0,99.0,33.0,95.0,,,
07/28/2023,,94.0,94.0,,105.0,100.0,,96.0,96.0,102.0,34.0,93.0,,96.0,116.0,104.0,,111.0,,102.0,102.0,96.0,,,110.0,94.0,,45.0,126.0,98.0,105.0,102.0,100.0,98.0,98.0,34.0,92.0,,,
07/29/2023,,78.0,74.0,,83.0,81.0,,78.0,77.0,76.0,18.0,76.0,,77.0,96.0,83.0,,98.0,,76.0,76.0,77.0,,,64.0,74.0,,36.0,113.0,92.0,83.0,80.0,81.0,79.0,81.0,19.0,80.0,,,
07/30/2023,,39.0,25.0,,53.0,48.0,,36.0,37.0,51.0,18.0,42.0,,32.0,88.0,56.0,,81.0,,55.0,55.0,32.0,,,92.0,26.0,,24.0,72.0,79.0,53.0,60.0,50.0,47.0,68.0,18.0,42.0,,,
07/31/2023,,72.0,70.0,,96.0,80.0,,73.0,68.0,80.0,52.0,69.0,,71.0,107.0,76.0,,101.0,,80.0,80.0,71.0,,,103.0,71.0,,41.0,126.0,89.0,96.0,87.0,76.0,77.0,89.0,33.0,70.0,,,
08/01/2023,,81.0,75.0,,95.0,90.0,,84.0,77.0,72.0,30.0,76.0,,79.0,104.0,93.0,,101.0,,99.0,99.0,79.0,,,99.0,77.0,,41.0,118.0,88.0,95.0,91.0,90.0,89.0,87.0,30.0,80.0,,,
08/02/2023,,67.0,60.0,,77.0,70.0,,68.0,68.0,70.0,24.0,58.0,,68.0,108.0,70.0,,108.0,,70.0,70.0,68.0,,,99.0,68.0,,38.0,95.0,78.0,77.0,80.0,69.0,68.0,76.0,35.0,74.0,,,
08/03/2023,,51.0,46.0,,95.0,68.0,,46.0,40.0,40.0,20.0,46.0,,45.0,124.0,68.0,,112.0,,40.0,40.0,45.0,,,104.0,48.0,,28.0,63.0,65.0,95.0,66.0,44.0,61.0,65.0,25.0,61.0,,,
08/04/2023,,93.0,93.0,,111.0,104.0,,98.0,60.0,71.0,21.0,93.0,,99.0,123.0,108.0,,107.0,,71.0,71.0,99.0,,,103.0,95.0,,32.0,112.0,70.0,111.0,97.0,103.0,101.0,67.0,26.0,86.0,,,
08/05/2023,,88.0,80.0,,91.0,89.0,,90.0,90.0,72.0,14.0,76.0,,90.0,101.0,90.0,,100.0,,84.0,84.0,90.0,,,86.0,89.0,,34.0,103.0,84.0,91.0,85.0,90.0,88.0,69.0,14.0,80.0,,,
08/06/2023,,43.0,27.0,,50.0,47.0,,52.0,58.0,37.0,11.0,24.0,,58.0,76.0,51.0,,82.0,,44.0,44.0,58.0,,,75.0,55.0,,28.0,76.0,54.0,50.0,53.0,49.0,46.0,28.0,11.0,53.0,,,
08/07/2023,,22.0,62.0,,68.0,52.0,,27.0,5.0,31.0,0.0,70.0,,19.0,105.0,70.0,,93.0,,35.0,35.0,19.0,,,83.0,35.0,,11.0,69.0,83.0,68.0,50.0,46.0,48.0,74.0,0.0,69.0,,,
08/08/2023,,18.0,84.0,,40.0,29.0,,17.0,-5.0,15.0,-5.0,68.0,,12.0,85.0,32.0,,85.0,,15.0,15.0,12.0,,,84.0,37.0,,-1.0,39.0,96.0,40.0,54.0,23.0,26.0,96.0,-5.0,74.0,,,
08/09/2023,,89.0,87.0,,89.0,89.0,,89.0,11.0,78.0,4.0,92.0,,88.0,93.0,89.0,,100.0,,78.0,78.0,88.0,,,87.0,72.0,,5.0,105.0,100.0,89.0,89.0,89.0,90.0,100.0,2.0,86.0,,,
08/10/2023,,89.0,87.0,,92.0,90.0,,93.0,56.0,98.0,15.0,94.0,,102.0,97.0,90.0,,99.0,,98.0,98.0,102.0,,,99.0,84.0,98.0,24.0,117.0,105.0,92.0,97.0,90.0,90.0,105.0,15.0,96.0,,,
08/11/2023,,88.0,93.0,,80.0,79.0,,88.0,100.0,105.0,18.0,96.0,,100.0,80.0,81.0,,108.0,,105.0,105.0,100.0,,,96.0,94.0,95.0,33.0,114.0,113.0,80.0,86.0,82.0,79.0,113.0,18.0,98.0,,,
08/12/2023,,74.0,80.0,,60.0,59.0,,66.0,80.0,68.0,12.0,80.0,,80.0,60.0,60.0,,90.0,,68.0,68.0,80.0,,,65.0,80.0,64.0,29.0,87.0,98.0,60.0,56.0,61.0,58.0,98.0,12.0,76.0,,,
08/13/2023,,61.0,64.0,,53.0,56.0,,59.0,65.0,50.0,13.0,65.0,,65.0,53.0,56.0,,101.0,,50.0,50.0,65.0,,,51.0,64.0,,27.0,74.0,73.0,53.0,55.0,57.0,55.0,73.0,13.0,62.0,,,
08/14/2023,,96.0,92.0,,88.0,89.0,,95.0,103.0,74.0,38.0,89.0,,103.0,95.0,91.0,,106.0,,84.0,84.0,103.0,,,88.0,97.0,87.0,39.0,101.0,98.0,88.0,78.0,91.0,89.0,98.0,30.0,99.0,,,
08/15/2023,,86.0,88.0,,76.0,79.0,,84.0,92.0,57.0,30.0,87.0,,94.0,90.0,79.0,,106.0,,64.0,64.0,94.0,,,83.0,92.0,,38.0,78.0,96.0,76.0,85.0,80.0,79.0,96.0,25.0,87.0,,,
08/16/2023,,110.0,105.0,,91.0,107.0,,110.0,108.0,22.0,14.0,104.0,,111.0,88.0,111.0,,111.0,,106.0,106.0,111.0,,,103.0,107.0,106.0,38.0,115.0,106.0,91.0,104.0,111.0,108.0,106.0,28.0,106.0,,,
08/17/2023,,109.0,103.0,,103.0,108.0,,110.0,111.0,28.0,17.0,101.0,,111.0,103.0,110.0,,113.0,,165.0,165.0,111.0,,,97.0,107.0,109.0,38.0,117.0,114.0,103.0,86.0,111.0,108.0,114.0,24.0,107.0,,,
08/18/2023,,108.0,99.0,,107.0,107.0,,108.0,99.0,119.0,119.0,96.0,,109.0,108.0,109.0,,114.0,,140.0,140.0,109.0,,,102.0,105.0,,39.0,115.0,108.0,107.0,99.0,109.0,106.0,108.0,22.0,101.0,,,
08/19/2023,,83.0,75.0,,85.0,84.0,,85.0,52.0,131.0,121.0,68.0,,85.0,91.0,86.0,,107.0,,131.0,131.0,85.0,,,82.0,81.0,,26.0,105.0,110.0,85.0,86.0,85.0,83.0,110.0,15.0,82.0,,,
08/20/2023,,90.0,90.0,,87.0,90.0,,90.0,90.0,125.0,102.0,90.0,,90.0,87.0,90.0,,97.0,,125.0,125.0,90.0,,,83.0,90.0,93.0,32.0,98.0,113.0,87.0,91.0,90.0,90.0,113.0,24.0,82.0,,,
08/21/2023,,121.0,120.0,,111.0,118.0,,121.0,118.0,244.0,244.0,115.0,,121.0,111.0,122.0,,119.0,,203.0,203.0,121.0,,,113.0,118.0,122.0,39.0,126.0,117.0,111.0,112.0,121.0,118.0,117.0,30.0,115.0,,,
08/22/2023,,124.0,121.0,,131.0,130.0,,125.0,122.0,170.0,170.0,119.0,,123.0,131.0,131.0,,140.0,,141.0,141.0,123.0,,,119.0,120.0,119.0,39.0,133.0,121.0,131.0,122.0,127.0,129.0,121.0,31.0,,,,
08/23/2023,,150.0,147.0,,155.0,157.0,,150.0,147.0,147.0,146.0,147.0,,147.0,154.0,154.0,,157.0,,145.0,145.0,147.0,,,135.0,144.0,139.0,42.0,140.0,135.0,155.0,146.0,152.0,157.0,135.0,30.0,136.0,,,
08/24/2023,,145.0,145.0,,165.0,159.0,,146.0,147.0,151.0,151.0,144.0,,147.0,164.0,161.0,,163.0,,148.0,148.0,147.0,,,151.0,138.0,117.0,44.0,147.0,133.0,165.0,162.0,152.0,157.0,133.0,60.0,145.0,,,
08/25/2023,,123.0,112.0,,161.0,145.0,,111.0,116.0,146.0,144.0,111.0,,116.0,163.0,166.0,,144.0,,146.0,146.0,116.0,,,135.0,115.0,122.0,40.0,137.0,112.0,169.0,150.0,126.0,135.0,112.0,50.0,118.0,,,
08/26/2023,,104.0,97.0,,121.0,112.0,,95.0,96.0,110.0,93.0,98.0,,97.0,124.0,126.0,,130.0,,110.0,110.0,97.0,,,135.0,93.0,,35.0,114.0,102.0,121.0,133.0,101.0,109.0,102.0,20.0,99.0,,,
08/27/2023,,100.0,92.0,,107.0,105.0,,99.0,102.0,105.0,71.0,89.0,,102.0,115.0,112.0,,121.0,,105.0,105.0,102.0,,,107.0,94.0,,35.0,110.0,52.0,108.0,118.0,102.0,103.0,52.0,26.0,96.0,,,
08/28/2023,,117.0,107.0,,150.0,125.0,,115.0,119.0,135.0,115.0,104.0,,119.0,155.0,144.0,,114.0,,135.0,135.0,119.0,,,115.0,109.0,,40.0,134.0,90.0,151.0,124.0,121.0,121.0,90.0,71.0,111.0,,,
08/30/2023,,115.0,108.0,,128.0,117.0,,116.0,115.0,130.0,123.0,105.0,,115.0,122.0,122.0,,103.0,,130.0,130.0,115.0,,,116.0,112.0,,45.0,126.0,108.0,128.0,116.0,119.0,116.0,108.0,72.0,106.0,,,
08/31/2023,,106.0,103.0,,127.0,110.0,,105.0,104.0,121.0,115.0,102.0,,104.0,132.0,117.0,,123.0,,128.0,128.0,104.0,,,109.0,104.0,,46.0,119.0,111.0,127.0,110.0,113.0,109.0,111.0,65.0,102.0,,,
09/01/2023,,105.0,105.0,,127.0,118.0,,106.0,108.0,123.0,107.0,101.0,,109.0,129.0,126.0,,119.0,,123.0,123.0,109.0,,,120.0,108.0,,39.0,115.0,106.0,127.0,117.0,114.0,115.0,106.0,36.0,105.0,,,
09/02/2023,,95.0,94.0,,97.0,95.0,,95.0,90.0,87.0,85.0,93.0,,95.0,97.0,97.0,,94.0,,87.0,87.0,95.0,,,108.0,95.0,,32.0,104.0,102.0,97.0,109.0,96.0,95.0,102.0,21.0,94.0,,,
09/03/2023,,81.0,81.0,,81.0,81.0,,82.0,75.0,65.0,34.0,73.0,,83.0,82.0,82.0,,93.0,,65.0,65.0,83.0,,,92.0,83.0,,28.0,90.0,63.0,81.0,87.0,82.0,81.0,63.0,22.0,83.0,,,
09/04/2023,,105.0,103.0,,103.0,105.0,,107.0,108.0,148.0,13.0,89.0,,108.0,103.0,107.0,,90.0,,148.0,148.0,108.0,,,99.0,107.0,,28.0,125.0,87.0,103.0,105.0,107.0,105.0,87.0,24.0,100.0,,,
09/05/2023,,103.0,100.0,,101.0,102.0,,103.0,103.0,96.0,26.0,94.0,,104.0,100.0,103.0,,85.0,,109.0,109.0,104.0,,,102.0,103.0,,30.0,108.0,104.0,101.0,99.0,103.0,102.0,104.0,17.0,105.0,,,
09/06/2023,,105.0,102.0,,103.0,104.0,,105.0,106.0,130.0,42.0,100.0,,106.0,106.0,105.0,,96.0,,130.0,130.0,106.0,,,101.0,103.0,,33.0,108.0,107.0,103.0,104.0,105.0,105.0,107.0,39.0,102.0,,,
09/07/2023,,101.0,102.0,,97.0,99.0,,100.0,100.0,170.0,49.0,101.0,,101.0,99.0,100.0,,103.0,,170.0,170.0,101.0,,,98.0,100.0,,32.0,103.0,107.0,98.0,104.0,100.0,100.0,107.0,36.0,100.0,,,
09/08/2023,,107.0,106.0,,102.0,106.0,,107.0,108.0,123.0,95.0,101.0,,108.0,97.0,107.0,,106.0,,123.0,123.0,108.0,,,97.0,108.0,,32.0,109.0,104.0,102.0,104.0,107.0,106.0,104.0,50.0,106.0,,,
09/09/2023,,93.0,92.0,,91.0,91.0,,91.0,91.0,110.0,7.0,92.0,,92.0,91.0,91.0,,101.0,,121.0,121.0,92.0,,,91.0,90.0,,28.0,108.0,101.0,91.0,89.0,91.0,91.0,101.0,10.0,91.0,,,
09/10/2023,,84.0,83.0,,75.0,83.0,,85.0,85.0,83.0,10.0,79.0,,85.0,75.0,84.0,,108.0,,91.0,91.0,85.0,,,80.0,85.0,,25.0,86.0,103.0,81.0,85.0,84.0,84.0,102.0,10.0,83.0,,,
09/11/2023,,146.0,133.0,,140.0,144.0,,147.0,152.0,187.0,108.0,117.0,,153.0,117.0,146.0,,126.0,,191.0,191.0,153.0,,,109.0,148.0,,30.0,131.0,117.0,145.0,123.0,146.0,144.0,117.0,38.0,111.0,,,
09/12/2023,,129.0,119.0,,107.0,128.0,,129.0,131.0,112.0,10.0,108.0,,131.0,104.0,129.0,,246.0,,149.0,150.0,131.0,,,134.0,128.0,,30.0,128.0,117.0,129.0,150.0,129.0,127.0,117.0,34.0,122.0,,,
09/13/2023,,112.0,104.0,,113.0,113.0,,112.0,107.0,138.0,93.0,106.0,,110.0,113.0,114.0,,308.0,,138.0,138.0,110.0,,,113.0,105.0,,30.0,117.0,109.0,114.0,114.0,114.0,112.0,109.0,48.0,108.0,,,
09/14/2023,,118.0,108.0,,117.0,121.0,,120.0,120.0,122.0,86.0,101.0,,120.0,117.0,121.0,,308.0,,122.0,122.0,120.0,,,125.0,117.0,,30.0,121.0,106.0,118.0,127.0,121.0,123.0,106.0,57.0,107.0,,,
09/16/2023,,93.0,89.0,,94.0,93.0,,94.0,95.0,124.0,11.0,80.0,,95.0,94.0,94.0,,302.0,,132.0,132.0,95.0,,,99.0,95.0,,25.0,97.0,99.0,94.0,94.0,94.0,93.0,99.0,31.0,87.0,,,
09/17/2023,,85.0,83.0,,86.0,86.0,,87.0,73.0,113.0,10.0,73.0,,88.0,87.0,86.0,,292.0,,113.0,113.0,88.0,,,81.0,88.0,,23.0,95.0,64.0,86.0,80.0,86.0,86.0,64.0,18.0,81.0,,,
09/18/2023,,95.0,82.0,,95.0,95.0,,95.0,23.0,140.0,35.0,81.0,,95.0,94.0,96.0,,303.0,,140.0,140.0,95.0,,,94.0,88.0,,15.0,107.0,106.0,95.0,95.0,96.0,94.0,106.0,8.0,99.0,,,
09/19/2023,,65.0,39.0,,76.0,88.0,,62.0,0.0,81.0,0.0,40.0,,38.0,74.0,86.0,,305.0,,95.0,95.0,38.0,,,76.0,37.0,,1.0,105.0,110.0,87.0,79.0,86.0,88.0,110.0,0.0,87.0,,,
09/20/2023,,79.0,42.0,,116.0,99.0,,82.0,2.0,116.0,2.0,40.0,,49.0,110.0,99.0,,308.0,,116.0,116.0,49.0,,,90.0,46.0,,-1.0,113.0,94.0,116.0,88.0,101.0,95.0,94.0,2.0,68.0,,,
09/21/2023,,104.0,92.0,,104.0,103.0,,103.0,47.0,159.0,1.0,83.0,,103.0,103.0,104.0,,301.0,,159.0,159.0,103.0,,,108.0,102.0,,4.0,101.0,92.0,104.0,108.0,104.0,103.0,92.0,1.0,88.0,,,
09/22/2023,,103.0,96.0,,105.0,103.0,,104.0,103.0,89.0,1.0,86.0,,104.0,108.0,104.0,,304.0,,107.0,107.0,104.0,,,102.0,103.0,,9.0,106.0,101.0,105.0,102.0,104.0,102.0,101.0,11.0,100.0,,,
09/23/2023,,101.0,99.0,,102.0,101.0,,101.0,92.0,115.0,3.0,98.0,,100.0,104.0,102.0,,291.0,,115.0,115.0,100.0,,,93.0,100.0,,11.0,112.0,110.0,102.0,95.0,102.0,101.0,110.0,3.0,93.0,,,
09/25/2023,,103.0,98.0,,101.0,102.0,,104.0,56.0,99.0,0.0,87.0,,106.0,111.0,103.0,,292.0,,99.0,99.0,106.0,,,102.0,104.0,,2.0,129.0,120.0,101.0,104.0,104.0,102.0,119.0,0.0,101.0,,,
09/26/2023,,124.0,119.0,,113.0,117.0,,126.0,128.0,118.0,2.0,113.0,,129.0,113.0,124.0,,297.0,,118.0,118.0,129.0,,,122.0,126.0,120.0,9.0,121.0,123.0,113.0,118.0,125.0,124.0,123.0,24.0,113.0,,,
09/27/2023,,122.0,112.0,,108.0,116.0,,122.0,124.0,99.0,11.0,104.0,,124.0,110.0,120.0,,308.0,,99.0,99.0,124.0,,,116.0,120.0,,16.0,120.0,116.0,108.0,113.0,121.0,116.0,115.0,15.0,107.0,,,
09/28/2023,,111.0,99.0,,111.0,110.0,,111.0,58.0,95.0,27.0,93.0,,113.0,113.0,111.0,,295.0,,95.0,95.0,113.0,,,109.0,108.0,109.0,11.0,109.0,115.0,111.0,110.0,111.0,110.0,114.0,9.0,102.0,,,
09/29/2023,,105.0,96.0,,108.0,105.0,,106.0,68.0,86.0,4.0,95.0,,105.0,108.0,106.0,,309.0,,86.0,86.0,105.0,,,107.0,100.0,108.0,15.0,108.0,119.0,108.0,105.0,106.0,105.0,119.0,4.0,101.0,,,
09/30/2023,,91.0,90.0,,91.0,91.0,,91.0,26.0,84.0,1.0,89.0,,92.0,97.0,91.0,,294.0,,84.0,84.0,92.0,,,97.0,92.0,,4.0,100.0,105.0,91.0,92.0,91.0,91.0,105.0,0.0,91.0,,,
10/01/2023,,74.0,70.0,,74.0,73.0,,74.0,74.0,52.0,3.0,68.0,,74.0,77.0,74.0,,278.0,,52.0,52.0,74.0,,,81.0,73.0,,14.0,87.0,98.0,74.0,76.0,74.0,73.0,96.0,1.0,74.0,,,
10/02/2023,,118.0,115.0,,105.0,116.0,,118.0,118.0,149.0,101.0,111.0,,118.0,104.0,118.0,,298.0,,149.0,149.0,118.0,,,112.0,118.0,,20.0,119.0,115.0,105.0,110.0,118.0,117.0,115.0,13.0,112.0,,,
10/03/2023,,83.0,41.0,,82.0,82.0,,67.0,18.0,72.0,44.0,49.0,,23.0,82.0,81.0,,318.0,,72.0,72.0,23.0,,,94.0,68.0,,8.0,62.0,108.0,82.0,75.0,79.0,83.0,107.0,4.0,92.0,,,
10/04/2023,,78.0,71.0,,86.0,84.0,,75.0,2.0,57.0,32.0,76.0,,69.0,102.0,86.0,,300.0,,57.0,57.0,69.0,,,112.0,74.0,,2.0,62.0,103.0,86.0,84.0,82.0,83.0,103.0,2.0,97.0,,,
10/05/2023,,106.0,96.0,,109.0,107.0,,104.0,46.0,75.0,8.0,93.0,,102.0,114.0,108.0,,297.0,,75.0,75.0,102.0,,,121.0,100.0,,9.0,88.0,104.0,109.0,106.0,108.0,106.0,104.0,8.0,104.0,,,
10/06/2023,,95.0,78.0,,109.0,105.0,,87.0,10.0,86.0,5.0,83.0,,72.0,115.0,109.0,,251.0,,86.0,86.0,72.0,,,117.0,76.0,,5.0,96.0,106.0,109.0,104.0,102.0,103.0,106.0,4.0,91.0,,,
10/07/2023,,61.0,50.0,,71.0,68.0,,51.0,25.0,7.0,-1.0,51.0,,45.0,74.0,71.0,,133.0,,7.0,7.0,45.0,,,71.0,50.0,,5.0,35.0,99.0,71.0,68.0,71.0,66.0,99.0,-1.0,81.0,,,
10/08/2023,,89.0,90.0,,83.0,88.0,,89.0,85.0,14.0,2.0,89.0,,91.0,92.0,87.0,,101.0,,14.0,14.0,91.0,,,87.0,93.0,,16.0,74.0,104.0,83.0,79.0,86.0,88.0,104.0,2.0,92.0,,,
10/09/2023,,118.0,114.0,,125.0,123.0,,119.0,116.0,107.0,87.0,114.0,,116.0,123.0,123.0,,130.0,,107.0,107.0,116.0,,,112.0,114.0,,37.0,133.0,121.0,125.0,119.0,124.0,123.0,121.0,49.0,118.0,,,
10/10/2023,,125.0,106.0,,139.0,136.0,,120.0,80.0,125.0,65.0,106.0,,112.0,139.0,138.0,,141.0,,125.0,125.0,112.0,,,132.0,107.0,,29.0,127.0,125.0,139.0,135.0,131.0,135.0,125.0,32.0,115.0,,,
10/11/2023,,101.0,75.0,,126.0,125.0,,83.0,6.0,66.0,-1.0,79.0,,60.0,120.0,123.0,,151.0,,66.0,66.0,60.0,,,121.0,65.0,,4.0,82.0,124.0,126.0,118.0,108.0,125.0,124.0,-1.0,111.0,,,
10/12/2023,,123.0,126.0,,125.0,126.0,,123.0,57.0,47.0,-3.0,125.0,,123.0,120.0,126.0,,147.0,,47.0,47.0,123.0,,,133.0,131.0,128.0,17.0,115.0,122.0,126.0,135.0,125.0,127.0,122.0,-3.0,140.0,,,
10/13/2023,,115.0,68.0,,138.0,136.0,,94.0,42.0,100.0,11.0,70.0,,68.0,136.0,141.0,,161.0,,100.0,100.0,68.0,,,134.0,71.0,,21.0,97.0,119.0,138.0,137.0,135.0,133.0,119.0,7.0,120.0,,,
10/14/2023,,87.0,39.0,,89.0,89.0,,49.0,-1.0,21.0,-2.0,41.0,,27.0,105.0,88.0,,153.0,,21.0,21.0,27.0,,,124.0,39.0,,2.0,29.0,135.0,89.0,100.0,80.0,89.0,135.0,-2.0,123.0,,,
10/15/2023,,62.0,57.0,,71.0,66.0,,50.0,4.0,24.0,-3.0,53.0,,40.0,93.0,69.0,,135.0,,24.0,24.0,40.0,,,96.0,61.0,,10.0,19.0,132.0,70.0,73.0,70.0,64.0,132.0,-3.0,114.0,,,
10/16/2023,,133.0,137.0,,130.0,134.0,,133.0,87.0,111.0,4.0,134.0,,134.0,128.0,130.0,,176.0,,111.0,111.0,134.0,,,137.0,142.0,,35.0,117.0,138.0,130.0,129.0,129.0,136.0,141.0,11.0,154.0,,,
10/17/2023,,137.0,117.0,,173.0,146.0,,135.0,121.0,108.0,98.0,113.0,,130.0,168.0,144.0,,161.0,,108.0,108.0,130.0,,,149.0,124.0,,38.0,137.0,108.0,173.0,154.0,138.0,143.0,108.0,28.0,137.0,,,
10/18/2023,,109.0,66.0,,129.0,117.0,,107.0,71.0,93.0,36.0,62.0,,98.0,128.0,121.0,,152.0,,93.0,93.0,98.0,,,137.0,80.0,,39.0,114.0,61.0,129.0,143.0,117.0,114.0,61.0,32.0,123.0,,,
10/19/2023,,111.0,87.0,,117.0,113.0,,102.0,14.0,94.0,8.0,81.0,,93.0,117.0,111.0,,152.0,,94.0,94.0,93.0,,,115.0,91.0,,19.0,110.0,68.0,117.0,107.0,109.0,113.0,68.0,8.0,118.0,,,
10/20/2023,,100.0,87.0,,104.0,105.0,,94.0,17.0,65.0,18.0,86.0,,87.0,104.0,106.0,,135.0,,65.0,65.0,87.0,,,102.0,92.0,,25.0,83.0,23.0,105.0,100.0,105.0,106.0,23.0,10.0,102.0,,,
10/21/2023,,60.0,48.0,,66.0,58.0,,56.0,36.0,57.0,11.0,43.0,,54.0,72.0,59.0,,137.0,,57.0,57.0,54.0,,,61.0,52.0,71.0,30.0,87.0,61.0,59.0,68.0,59.0,57.0,61.0,9.0,65.0,,,
10/22/2023,,66.0,65.0,,73.0,68.0,,66.0,43.0,87.0,30.0,63.0,,64.0,77.0,69.0,,131.0,,87.0,87.0,64.0,,,69.0,66.0,70.0,34.0,98.0,87.0,69.0,62.0,70.0,67.0,87.0,25.0,63.0,,,
10/23/2023,,126.0,121.0,,139.0,135.0,,128.0,114.0,170.0,104.0,116.0,,125.0,138.0,135.0,,145.0,,170.0,170.0,125.0,,,123.0,124.0,,66.0,129.0,124.0,139.0,129.0,131.0,134.0,124.0,65.0,128.0,,,
10/24/2023,,122.0,116.0,,125.0,125.0,,121.0,71.0,141.0,86.0,116.0,,118.0,125.0,126.0,,143.0,,141.0,141.0,118.0,,,128.0,115.0,,51.0,126.0,104.0,125.0,127.0,125.0,124.0,104.0,51.0,119.0,,,
10/25/2023,,123.0,120.0,,124.0,123.0,,124.0,87.0,126.0,60.0,108.0,,124.0,124.0,124.0,,135.0,,126.0,126.0,124.0,,,124.0,124.0,,48.0,126.0,69.0,124.0,124.0,125.0,123.0,69.0,34.0,126.0,,,
10/26/2023,,122.0,121.0,,126.0,124.0,,122.0,81.0,133.0,51.0,119.0,,121.0,125.0,126.0,,143.0,,133.0,133.0,121.0,,,124.0,124.0,,58.0,127.0,52.0,126.0,124.0,125.0,124.0,52.0,50.0,122.0,,,
10/27/2023,,118.0,116.0,,122.0,120.0,,120.0,114.0,151.0,87.0,101.0,,118.0,109.0,122.0,,122.0,,151.0,151.0,118.0,,,119.0,119.0,,76.0,131.0,27.0,122.0,121.0,124.0,119.0,27.0,68.0,117.0,,,
10/28/2023,,81.0,59.0,,93.0,93.0,,85.0,76.0,147.0,68.0,50.0,,83.0,94.0,89.0,,110.0,,147.0,147.0,83.0,,,90.0,72.0,,64.0,109.0,6.0,91.0,90.0,89.0,96.0,6.0,55.0,79.0,,,
10/29/2023,,34.0,19.0,,46.0,39.0,,30.0,28.0,51.0,31.0,16.0,,23.0,123.0,45.0,,128.0,,51.0,51.0,23.0,,,79.0,25.0,,38.0,48.0,12.0,45.0,79.0,45.0,35.0,12.0,31.0,36.0,,,
10/30/2023,,97.0,93.0,,112.0,98.0,,95.0,67.0,90.0,74.0,92.0,,93.0,112.0,98.0,133.0,124.0,,90.0,90.0,93.0,,,112.0,94.0,,69.0,93.0,35.0,100.0,109.0,96.0,98.0,35.0,58.0,98.0,,,
10/31/2023,,107.0,111.0,,105.0,107.0,,106.0,103.0,82.0,52.0,109.0,,105.0,106.0,107.0,140.0,122.0,,82.0,82.0,105.0,,,109.0,118.0,,74.0,99.0,96.0,105.0,103.0,106.0,107.0,105.0,42.0,104.0,,,
11/01/2023,,61.0,49.0,,108.0,69.0,,61.0,59.0,49.0,15.0,39.0,,63.0,129.0,64.0,118.0,124.0,,49.0,49.0,63.0,,,86.0,60.0,,50.0,65.0,5.0,108.0,75.0,58.0,64.0,5.0,30.0,68.0,,,
11/02/2023,,68.0,59.0,,112.0,80.0,,64.0,48.0,73.0,44.0,57.0,,60.0,127.0,89.0,114.0,111.0,,73.0,73.0,60.0,,,94.0,68.0,,47.0,67.0,4.0,112.0,95.0,70.0,72.0,4.0,36.0,56.0,,,
11/03/2023,,59.0,57.0,,80.0,67.0,,60.0,39.0,56.0,16.0,57.0,,57.0,80.0,67.0,104.0,76.0,,56.0,56.0,57.0,,,83.0,59.0,,39.0,82.0,6.0,70.0,76.0,64.0,67.0,6.0,15.0,70.0,,,
11/04/2023,,26.0,26.0,,49.0,30.0,,27.0,23.0,23.0,5.0,25.0,,25.0,49.0,31.0,118.0,74.0,,23.0,23.0,25.0,,,55.0,30.0,,28.0,53.0,2.0,35.0,43.0,30.0,28.0,2.0,8.0,27.0,,,
11/05/2023,,31.0,25.0,,28.0,30.0,,31.0,36.0,34.0,21.0,20.0,,30.0,30.0,32.0,116.0,65.0,,34.0,34.0,30.0,,,24.0,38.0,,40.0,47.0,5.0,25.0,20.0,32.0,30.0,5.0,23.0,21.0,,,
11/06/2023,,76.0,74.0,,100.0,84.0,,72.0,70.0,89.0,66.0,74.0,,72.0,103.0,88.0,114.0,104.0,,89.0,89.0,72.0,,,63.0,78.0,73.0,70.0,64.0,55.0,100.0,71.0,74.0,80.0,55.0,63.0,74.0,,,
11/07/2023,,104.0,101.0,,129.0,113.0,,101.0,90.0,119.0,100.0,101.0,,100.0,136.0,111.0,124.0,125.0,,119.0,119.0,100.0,,,111.0,102.0,122.0,89.0,97.0,98.0,129.0,118.0,103.0,110.0,98.0,83.0,105.0,,,
11/08/2023,,92.0,93.0,,104.0,95.0,,90.0,71.0,126.0,65.0,93.0,,90.0,116.0,95.0,107.0,138.0,,126.0,126.0,90.0,,,104.0,94.0,,74.0,94.0,90.0,104.0,101.0,92.0,94.0,91.0,65.0,102.0,,,
11/10/2023,,99.0,94.0,,105.0,99.0,,96.0,81.0,91.0,43.0,93.0,,94.0,134.0,99.0,124.0,126.0,,91.0,91.0,94.0,,,93.0,96.0,,61.0,96.0,54.0,104.0,92.0,98.0,99.0,54.0,36.0,111.0,,,
11/11/2023,,97.0,97.0,,101.0,97.0,,97.0,97.0,89.0,25.0,97.0,,97.0,101.0,97.0,126.0,94.0,,89.0,89.0,97.0,,,92.0,97.0,,68.0,96.0,9.0,97.0,92.0,97.0,97.0,9.0,30.0,101.0,,,
11/12/2023,,96.0,96.0,,99.0,96.0,,97.0,98.0,94.0,29.0,84.0,,98.0,99.0,96.0,117.0,123.0,,94.0,94.0,98.0,,,92.0,99.0,,71.0,97.0,21.0,97.0,92.0,97.0,95.0,21.0,32.0,99.0,,,
11/13/2023,,106.0,84.0,,128.0,116.0,,100.0,88.0,107.0,70.0,76.0,,95.0,128.0,130.0,105.0,138.0,,107.0,107.0,95.0,,,110.0,93.0,,73.0,114.0,49.0,128.0,121.0,102.0,110.0,52.0,61.0,112.0,,,
11/14/2023,,73.0,66.0,,107.0,83.0,,74.0,68.0,99.0,99.0,66.0,,66.0,112.0,82.0,104.0,123.0,,99.0,99.0,66.0,,,86.0,69.0,,70.0,89.0,67.0,107.0,90.0,75.0,79.0,67.0,66.0,108.0,,,
11/15/2023,,102.0,97.0,,115.0,104.0,,102.0,102.0,105.0,105.0,94.0,,102.0,116.0,103.0,113.0,122.0,,105.0,105.0,102.0,,,105.0,100.0,107.0,100.0,102.0,95.0,114.0,101.0,101.0,103.0,95.0,102.0,109.0,,,
11/16/2023,,116.0,116.0,,114.0,118.0,,117.0,117.0,132.0,131.0,105.0,,118.0,113.0,118.0,162.0,139.0,,132.0,132.0,118.0,,,122.0,121.0,,116.0,120.0,102.0,122.0,120.0,117.0,118.0,102.0,116.0,122.0,,,
11/18/2023,,93.0,88.0,,65.0,91.0,,94.0,91.0,101.0,91.0,85.0,,91.0,65.0,98.0,,129.0,,101.0,101.0,91.0,,,94.0,91.0,,89.0,107.0,89.0,65.0,90.0,98.0,92.0,89.0,89.0,98.0,,,
11/19/2023,,41.0,37.0,,43.0,42.0,,41.0,57.0,66.0,64.0,37.0,,38.0,46.0,43.0,,123.0,,66.0,66.0,38.0,,,55.0,38.0,,63.0,84.0,71.0,41.0,45.0,43.0,41.0,71.0,64.0,73.0,,,
11/20/2023,,106.0,104.0,,111.0,109.0,,107.0,106.0,116.0,116.0,99.0,,106.0,112.0,114.0,,134.0,,116.0,116.0,106.0,,,106.0,106.0,86.0,104.0,115.0,94.0,112.0,107.0,113.0,107.0,94.0,105.0,105.0,,,
11/21/2023,,123.0,121.0,,124.0,123.0,,123.0,123.0,288.0,288.0,119.0,,123.0,124.0,124.0,,128.0,,288.0,288.0,123.0,,,127.0,122.0,133.0,118.0,125.0,41.0,124.0,126.0,124.0,123.0,41.0,118.0,124.0,,,
11/23/2023,,85.0,88.0,,115.0,100.0,,84.0,33.0,60.0,59.0,82.0,,62.0,119.0,114.0,,133.0,,60.0,60.0,62.0,,,97.0,89.0,,49.0,73.0,52.0,115.0,100.0,108.0,96.0,52.0,26.0,119.0,,,
11/24/2023,,78.0,76.0,,99.0,89.0,,76.0,41.0,82.0,-203.0,74.0,,64.0,118.0,99.0,,133.0,,82.0,82.0,64.0,,,86.0,85.0,,55.0,82.0,66.0,99.0,91.0,98.0,85.0,66.0,18.0,127.0,,,
11/25/2023,,94.0,96.0,,98.0,95.0,,94.0,91.0,94.0,72.0,96.0,,95.0,98.0,94.0,,117.0,,94.0,94.0,95.0,,,83.0,97.0,,76.0,98.0,88.0,97.0,82.0,94.0,95.0,88.0,52.0,120.0,,,
11/26/2023,,106.0,117.0,,91.0,93.0,,101.0,116.0,120.0,120.0,118.0,,116.0,91.0,99.0,,135.0,,120.0,120.0,116.0,,,103.0,117.0,,96.0,104.0,118.0,91.0,99.0,100.0,100.0,118.0,87.0,117.0,,,
11/27/2023,,118.0,117.0,,128.0,123.0,,117.0,112.0,133.0,104.0,116.0,,115.0,128.0,121.0,,137.0,,133.0,133.0,115.0,,,118.0,115.0,121.0,89.0,126.0,108.0,131.0,118.0,121.0,122.0,108.0,78.0,128.0,,,
11/28/2023,,122.0,123.0,,106.0,122.0,,122.0,119.0,136.0,38.0,123.0,,122.0,105.0,124.0,,121.0,,136.0,136.0,122.0,,,97.0,122.0,119.0,92.0,128.0,108.0,113.0,105.0,124.0,123.0,108.0,71.0,132.0,,,
11/29/2023,,140.0,140.0,,131.0,137.0,,141.0,141.0,168.0,127.0,140.0,,140.0,118.0,142.0,,143.0,,168.0,168.0,140.0,,,110.0,140.0,115.0,106.0,142.0,85.0,131.0,116.0,142.0,142.0,85.0,87.0,143.0,,,
11/30/2023,,167.0,169.0,,149.0,165.0,,168.0,169.0,169.0,144.0,169.0,,169.0,121.0,169.0,,139.0,,169.0,169.0,169.0,,,148.0,169.0,154.0,135.0,151.0,98.0,149.0,164.0,169.0,167.0,98.0,121.0,168.0,,,
12/01/2023,,155.0,156.0,,90.0,143.0,,157.0,160.0,158.0,110.0,156.0,,156.0,90.0,160.0,,134.0,,158.0,158.0,156.0,,,107.0,156.0,,129.0,145.0,97.0,90.0,87.0,160.0,151.0,98.0,115.0,160.0,,,
12/02/2023,,114.0,117.0,,101.0,94.0,,111.0,116.0,137.0,114.0,117.0,,116.0,101.0,110.0,,112.0,,137.0,137.0,116.0,,,59.0,116.0,,104.0,113.0,81.0,101.0,81.0,111.0,117.0,81.0,97.0,121.0,,,
12/03/2023,,104.0,105.0,,86.0,88.0,,99.0,105.0,135.0,105.0,105.0,,105.0,86.0,100.0,,114.0,,135.0,135.0,105.0,,,76.0,105.0,,101.0,101.0,80.0,86.0,100.0,100.0,105.0,80.0,98.0,114.0,,,
12/04/2023,,117.0,112.0,,124.0,120.0,,118.0,132.0,156.0,156.0,112.0,,112.0,122.0,123.0,,136.0,,156.0,156.0,112.0,,,118.0,112.0,,132.0,123.0,77.0,124.0,128.0,124.0,119.0,77.0,152.0,123.0,,,
12/05/2023,,123.0,114.0,,131.0,127.0,,122.0,137.0,174.0,174.0,114.0,,114.0,126.0,131.0,,133.0,,174.0,174.0,114.0,,,127.0,114.0,,137.0,124.0,112.0,131.0,125.0,133.0,126.0,113.0,160.0,126.0,,,
12/06/2023,,129.0,128.0,,130.0,130.0,,130.0,131.0,135.0,133.0,129.0,,130.0,129.0,130.0,,126.0,,135.0,135.0,130.0,,,131.0,127.0,135.0,131.0,125.0,106.0,130.0,132.0,130.0,129.0,106.0,131.0,135.0,,,
12/07/2023,,117.0,106.0,,121.0,118.0,,118.0,117.0,130.0,101.0,105.0,,117.0,119.0,120.0,,122.0,,130.0,130.0,117.0,,,118.0,104.0,123.0,105.0,126.0,85.0,121.0,121.0,121.0,117.0,85.0,107.0,119.0,,,
12/08/2023,,106.0,103.0,,108.0,107.0,,106.0,102.0,135.0,99.0,102.0,,104.0,108.0,108.0,,120.0,,135.0,135.0,104.0,,,105.0,104.0,109.0,93.0,116.0,22.0,108.0,105.0,109.0,107.0,22.0,94.0,110.0,,,
12/09/2023,,89.0,77.0,,95.0,92.0,,90.0,78.0,105.0,66.0,76.0,,78.0,102.0,97.0,,118.0,,105.0,105.0,78.0,,,95.0,79.0,,73.0,111.0,35.0,95.0,90.0,95.0,90.0,35.0,65.0,93.0,,,
12/12/2023,,109.0,94.0,,127.0,117.0,,109.0,114.0,150.0,150.0,88.0,,106.0,125.0,123.0,,119.0,,150.0,150.0,106.0,,,111.0,103.0,116.0,105.0,127.0,70.0,127.0,114.0,119.0,114.0,70.0,119.0,108.0,,,
