,date,country,price(eur/mwh)
0,01/05/2023,Albania,
1,01/05/2023,Austria,45.0
2,01/05/2023,Belgium,67.0
3,01/05/2023,Bosnia and Herz.,
4,01/05/2023,Bulgaria,78.0
5,01/05/2023,Croatia,77.0
6,01/05/2023,Cyprus,
7,01/05/2023,Czech Rep.,78.0
8,01/05/2023,Denmark,64.0
9,01/05/2023,Estonia,65.0
10,01/05/2023,Finland,65.0
11,01/05/2023,France,127.0
12,01/05/2023,Georgia,
13,01/05/2023,Germany,33.0
14,01/05/2023,Greece,226.0
15,01/05/2023,Hungary,79.0
16,01/05/2023,Ireland,170.0
17,01/05/2023,Italy,188.0
18,01/05/2023,Kosovo,
19,01/05/2023,Latvia,65.0
20,01/05/2023,Lithuania,69.0
21,01/05/2023,Luxembourg,33.0
22,01/05/2023,Malta,
23,01/05/2023,Moldova,
24,01/05/2023,Montenegro,
25,01/05/2023,Netherlands,69.0
26,01/05/2023,North Macedonia,
27,01/05/2023,Norway,98.0
28,01/05/2023,Poland,78.0
29,01/05/2023,Portugal,58.0
30,01/05/2023,Romania,78.0
31,01/05/2023,Serbia,89.0
32,01/05/2023,Slovakia,80.0
33,01/05/2023,Slovenia,77.0
34,01/05/2023,Spain,58.0
35,01/05/2023,Sweden,64.0
36,01/05/2023,Switzerland,74.0
37,01/05/2023,Turkey,
38,01/05/2023,Ukraine,
39,01/05/2023,United Kingdom,
0,01/06/2023,Albania,
1,01/06/2023,Austria,128.0
2,01/06/2023,Belgium,124.0
3,01/06/2023,Bosnia and Herz.,
4,01/06/2023,Bulgaria,127.0
5,01/06/2023,Croatia,127.0
6,01/06/2023,Cyprus,
7,01/06/2023,Czech Rep.,121.0
8,01/06/2023,Denmark,112.0
9,01/06/2023,Estonia,112.0
10,01/06/2023,Finland,112.0
11,01/06/2023,France,121.0
12,01/06/2023,Georgia,
13,01/06/2023,Germany,117.0
14,01/06/2023,Greece,207.0
15,01/06/2023,Hungary,128.0
16,01/06/2023,Ireland,136.0
17,01/06/2023,Italy,174.0
18,01/06/2023,Kosovo,
19,01/06/2023,Latvia,112.0
20,01/06/2023,Lithuania,112.0
21,01/06/2023,Luxembourg,117.0
22,01/06/2023,Malta,
23,01/06/2023,Moldova,
24,01/06/2023,Montenegro,
25,01/06/2023,Netherlands,130.0
26,01/06/2023,North Macedonia,
27,01/06/2023,Norway,99.0
28,01/06/2023,Poland,101.0
29,01/06/2023,Portugal,104.0
30,01/06/2023,Romania,127.0
31,01/06/2023,Serbia,134.0
32,01/06/2023,Slovakia,126.0
33,01/06/2023,Slovenia,126.0
34,01/06/2023,Spain,104.0
35,01/06/2023,Sweden,96.0
36,01/06/2023,Switzerland,132.0
37,01/06/2023,Turkey,
38,01/06/2023,Ukraine,
39,01/06/2023,United Kingdom,
0,01/07/2023,Albania,
1,01/07/2023,Austria,148.0
2,01/07/2023,Belgium,85.0
3,01/07/2023,Bosnia and Herz.,
4,01/07/2023,Bulgaria,170.0
5,01/07/2023,Croatia,149.0
6,01/07/2023,Cyprus,
7,01/07/2023,Czech Rep.,107.0
8,01/07/2023,Denmark,85.0
9,01/07/2023,Estonia,96.0
10,01/07/2023,Finland,74.0
11,01/07/2023,France,85.0
12,01/07/2023,Georgia,
13,01/07/2023,Germany,89.0
14,01/07/2023,Greece,237.0
15,01/07/2023,Hungary,174.0
16,01/07/2023,Ireland,122.0
17,01/07/2023,Italy,196.0
18,01/07/2023,Kosovo,
19,01/07/2023,Latvia,96.0
20,01/07/2023,Lithuania,96.0
21,01/07/2023,Luxembourg,89.0
22,01/07/2023,Malta,
23,01/07/2023,Moldova,
24,01/07/2023,Montenegro,
25,01/07/2023,Netherlands,86.0
26,01/07/2023,North Macedonia,
27,01/07/2023,Norway,83.0
28,01/07/2023,Poland,124.0
29,01/07/2023,Portugal,24.0
30,01/07/2023,Romania,170.0
31,01/07/2023,Serbia,159.0
32,01/07/2023,Slovakia,134.0
33,01/07/2023,Slovenia,142.0
34,01/07/2023,Spain,24.0
35,01/07/2023,Sweden,74.0
36,01/07/2023,Switzerland,147.0
37,01/07/2023,Turkey,
38,01/07/2023,Ukraine,
39,01/07/2023,United Kingdom,
0,01/08/2023,Albania,
1,01/08/2023,Austria,112.0
2,01/08/2023,Belgium,68.0
3,01/08/2023,Bosnia and Herz.,
4,01/08/2023,Bulgaria,100.0
5,01/08/2023,Croatia,100.0
6,01/08/2023,Cyprus,
7,01/08/2023,Czech Rep.,89.0
8,01/08/2023,Denmark,58.0
9,01/08/2023,Estonia,56.0
10,01/08/2023,Finland,39.0
11,01/08/2023,France,68.0
12,01/08/2023,Georgia,
13,01/08/2023,Germany,69.0
14,01/08/2023,Greece,218.0
15,01/08/2023,Hungary,102.0
16,01/08/2023,Ireland,100.0
17,01/08/2023,Italy,164.0
18,01/08/2023,Kosovo,
19,01/08/2023,Latvia,56.0
20,01/08/2023,Lithuania,57.0
21,01/08/2023,Luxembourg,69.0
22,01/08/2023,Malta,
23,01/08/2023,Moldova,
24,01/08/2023,Montenegro,
25,01/08/2023,Netherlands,69.0
26,01/08/2023,North Macedonia,
27,01/08/2023,Norway,59.0
28,01/08/2023,Poland,92.0
29,01/08/2023,Portugal,10.0
30,01/08/2023,Romania,100.0
31,01/08/2023,Serbia,115.0
32,01/08/2023,Slovakia,98.0
33,01/08/2023,Slovenia,99.0
34,01/08/2023,Spain,10.0
35,01/08/2023,Sweden,39.0
36,01/08/2023,Switzerland,133.0
37,01/08/2023,Turkey,
38,01/08/2023,Ukraine,
39,01/08/2023,United Kingdom,
0,01/09/2023,Albania,
1,01/09/2023,Austria,112.0
2,01/09/2023,Belgium,68.0
3,01/09/2023,Bosnia and Herz.,
4,01/09/2023,Bulgaria,100.0
5,01/09/2023,Croatia,100.0
6,01/09/2023,Cyprus,
7,01/09/2023,Czech Rep.,89.0
8,01/09/2023,Denmark,58.0
9,01/09/2023,Estonia,56.0
10,01/09/2023,Finland,39.0
11,01/09/2023,France,68.0
12,01/09/2023,Georgia,
13,01/09/2023,Germany,69.0
14,01/09/2023,Greece,218.0
15,01/09/2023,Hungary,102.0
16,01/09/2023,Ireland,100.0
17,01/09/2023,Italy,164.0
18,01/09/2023,Kosovo,
19,01/09/2023,Latvia,56.0
20,01/09/2023,Lithuania,57.0
21,01/09/2023,Luxembourg,69.0
22,01/09/2023,Malta,
23,01/09/2023,Moldova,
24,01/09/2023,Montenegro,
25,01/09/2023,Netherlands,69.0
26,01/09/2023,North Macedonia,
27,01/09/2023,Norway,59.0
28,01/09/2023,Poland,92.0
29,01/09/2023,Portugal,10.0
30,01/09/2023,Romania,100.0
31,01/09/2023,Serbia,115.0
32,01/09/2023,Slovakia,98.0
33,01/09/2023,Slovenia,99.0
34,01/09/2023,Spain,10.0
35,01/09/2023,Sweden,39.0
36,01/09/2023,Switzerland,133.0
37,01/09/2023,Turkey,
38,01/09/2023,Ukraine,
39,01/09/2023,United Kingdom,
0,01/10/2023,Albania,
1,01/10/2023,Austria,135.0
2,01/10/2023,Belgium,128.0
3,01/10/2023,Bosnia and Herz.,
4,01/10/2023,Bulgaria,137.0
5,01/10/2023,Croatia,140.0
6,01/10/2023,Cyprus,
7,01/10/2023,Czech Rep.,135.0
8,01/10/2023,Denmark,122.0
9,01/10/2023,Estonia,125.0
10,01/10/2023,Finland,115.0
11,01/10/2023,France,128.0
12,01/10/2023,Georgia,
13,01/10/2023,Germany,123.0
14,01/10/2023,Greece,151.0
15,01/10/2023,Hungary,143.0
16,01/10/2023,Ireland,147.0
17,01/10/2023,Italy,150.0
18,01/10/2023,Kosovo,
19,01/10/2023,Latvia,130.0
20,01/10/2023,Lithuania,130.0
21,01/10/2023,Luxembourg,123.0
22,01/10/2023,Malta,
23,01/10/2023,Moldova,
24,01/10/2023,Montenegro,
25,01/10/2023,Netherlands,130.0
26,01/10/2023,North Macedonia,
27,01/10/2023,Norway,105.0
28,01/10/2023,Poland,173.0
29,01/10/2023,Portugal,109.0
30,01/10/2023,Romania,137.0
31,01/10/2023,Serbia,140.0
32,01/10/2023,Slovakia,145.0
33,01/10/2023,Slovenia,139.0
34,01/10/2023,Spain,109.0
35,01/10/2023,Sweden,107.0
36,01/10/2023,Switzerland,163.0
37,01/10/2023,Turkey,
38,01/10/2023,Ukraine,
39,01/10/2023,United Kingdom,
0,01/11/2023,Albania,
1,01/11/2023,Austria,138.0
2,01/11/2023,Belgium,86.0
3,01/11/2023,Bosnia and Herz.,
4,01/11/2023,Bulgaria,146.0
5,01/11/2023,Croatia,140.0
6,01/11/2023,Cyprus,
7,01/11/2023,Czech Rep.,115.0
8,01/11/2023,Denmark,73.0
9,01/11/2023,Estonia,86.0
10,01/11/2023,Finland,64.0
11,01/11/2023,France,88.0
12,01/11/2023,Georgia,
13,01/11/2023,Germany,84.0
14,01/11/2023,Greece,238.0
15,01/11/2023,Hungary,144.0
16,01/11/2023,Ireland,126.0
17,01/11/2023,Italy,178.0
18,01/11/2023,Kosovo,
19,01/11/2023,Latvia,86.0
20,01/11/2023,Lithuania,86.0
21,01/11/2023,Luxembourg,84.0
22,01/11/2023,Malta,
23,01/11/2023,Moldova,
24,01/11/2023,Montenegro,
25,01/11/2023,Netherlands,87.0
26,01/11/2023,North Macedonia,
27,01/11/2023,Norway,78.0
28,01/11/2023,Poland,137.0
29,01/11/2023,Portugal,84.0
30,01/11/2023,Romania,146.0
31,01/11/2023,Serbia,167.0
32,01/11/2023,Slovakia,140.0
33,01/11/2023,Slovenia,137.0
34,01/11/2023,Spain,84.0
35,01/11/2023,Sweden,58.0
36,01/11/2023,Switzerland,175.0
37,01/11/2023,Turkey,
38,01/11/2023,Ukraine,
39,01/11/2023,United Kingdom,
0,01/12/2023,Albania,
1,01/12/2023,Austria,168.0
2,01/12/2023,Belgium,79.0
3,01/12/2023,Bosnia and Herz.,
4,01/12/2023,Bulgaria,186.0
5,01/12/2023,Croatia,169.0
6,01/12/2023,Cyprus,
7,01/12/2023,Czech Rep.,119.0
8,01/12/2023,Denmark,67.0
9,01/12/2023,Estonia,78.0
10,01/12/2023,Finland,53.0
11,01/12/2023,France,81.0
12,01/12/2023,Georgia,
13,01/12/2023,Germany,71.0
14,01/12/2023,Greece,214.0
15,01/12/2023,Hungary,175.0
16,01/12/2023,Ireland,119.0
17,01/12/2023,Italy,179.0
18,01/12/2023,Kosovo,
19,01/12/2023,Latvia,78.0
20,01/12/2023,Lithuania,78.0
21,01/12/2023,Luxembourg,71.0
22,01/12/2023,Malta,
23,01/12/2023,Moldova,
24,01/12/2023,Montenegro,
25,01/12/2023,Netherlands,86.0
26,01/12/2023,North Macedonia,
27,01/12/2023,Norway,73.0
28,01/12/2023,Poland,120.0
29,01/12/2023,Portugal,93.0
30,01/12/2023,Romania,186.0
31,01/12/2023,Serbia,167.0
32,01/12/2023,Slovakia,170.0
33,01/12/2023,Slovenia,165.0
34,01/12/2023,Spain,93.0
35,01/12/2023,Sweden,56.0
36,01/12/2023,Switzerland,173.0
37,01/12/2023,Turkey,
38,01/12/2023,Ukraine,
39,01/12/2023,United Kingdom,
0,01/13/2023,Albania,
1,01/13/2023,Austria,163.0
2,01/13/2023,Belgium,78.0
3,01/13/2023,Bosnia and Herz.,
4,01/13/2023,Bulgaria,194.0
5,01/13/2023,Croatia,157.0
6,01/13/2023,Cyprus,
7,01/13/2023,Czech Rep.,121.0
8,01/13/2023,Denmark,68.0
9,01/13/2023,Estonia,79.0
10,01/13/2023,Finland,68.0
11,01/13/2023,France,79.0
12,01/13/2023,Georgia,
13,01/13/2023,Germany,67.0
14,01/13/2023,Greece,212.0
15,01/13/2023,Hungary,162.0
16,01/13/2023,Ireland,122.0
17,01/13/2023,Italy,195.0
18,01/13/2023,Kosovo,
19,01/13/2023,Latvia,79.0
20,01/13/2023,Lithuania,79.0
21,01/13/2023,Luxembourg,67.0
22,01/13/2023,Malta,
23,01/13/2023,Moldova,
24,01/13/2023,Montenegro,
25,01/13/2023,Netherlands,81.0
26,01/13/2023,North Macedonia,
27,01/13/2023,Norway,77.0
28,01/13/2023,Poland,122.0
29,01/13/2023,Portugal,88.0
30,01/13/2023,Romania,194.0
31,01/13/2023,Serbia,173.0
32,01/13/2023,Slovakia,150.0
33,01/13/2023,Slovenia,147.0
34,01/13/2023,Spain,88.0
35,01/13/2023,Sweden,68.0
36,01/13/2023,Switzerland,169.0
37,01/13/2023,Turkey,
38,01/13/2023,Ukraine,
39,01/13/2023,United Kingdom,
0,01/14/2023,Albania,
1,01/14/2023,Austria,119.0
2,01/14/2023,Belgium,57.0
3,01/14/2023,Bosnia and Herz.,
4,01/14/2023,Bulgaria,188.0
5,01/14/2023,Croatia,137.0
6,01/14/2023,Cyprus,
7,01/14/2023,Czech Rep.,100.0
8,01/14/2023,Denmark,45.0
9,01/14/2023,Estonia,65.0
10,01/14/2023,Finland,65.0
11,01/14/2023,France,56.0
12,01/14/2023,Georgia,
13,01/14/2023,Germany,29.0
14,01/14/2023,Greece,234.0
15,01/14/2023,Hungary,145.0
16,01/14/2023,Ireland,125.0
17,01/14/2023,Italy,161.0
18,01/14/2023,Kosovo,
19,01/14/2023,Latvia,65.0
20,01/14/2023,Lithuania,65.0
21,01/14/2023,Luxembourg,29.0
22,01/14/2023,Malta,
23,01/14/2023,Moldova,
24,01/14/2023,Montenegro,
25,01/14/2023,Netherlands,94.0
26,01/14/2023,North Macedonia,
27,01/14/2023,Norway,78.0
28,01/14/2023,Poland,92.0
29,01/14/2023,Portugal,53.0
30,01/14/2023,Romania,188.0
31,01/14/2023,Serbia,151.0
32,01/14/2023,Slovakia,121.0
33,01/14/2023,Slovenia,122.0
34,01/14/2023,Spain,53.0
35,01/14/2023,Sweden,55.0
36,01/14/2023,Switzerland,161.0
37,01/14/2023,Turkey,
38,01/14/2023,Ukraine,
39,01/14/2023,United Kingdom,
0,01/15/2023,Albania,
1,01/15/2023,Austria,83.0
2,01/15/2023,Belgium,38.0
3,01/15/2023,Bosnia and Herz.,
4,01/15/2023,Bulgaria,96.0
5,01/15/2023,Croatia,90.0
6,01/15/2023,Cyprus,
7,01/15/2023,Czech Rep.,93.0
8,01/15/2023,Denmark,14.0
9,01/15/2023,Estonia,18.0
10,01/15/2023,Finland,18.0
11,01/15/2023,France,35.0
12,01/15/2023,Georgia,
13,01/15/2023,Germany,9.0
14,01/15/2023,Greece,203.0
15,01/15/2023,Hungary,98.0
16,01/15/2023,Ireland,118.0
17,01/15/2023,Italy,142.0
18,01/15/2023,Kosovo,
19,01/15/2023,Latvia,18.0
20,01/15/2023,Lithuania,18.0
21,01/15/2023,Luxembourg,9.0
22,01/15/2023,Malta,
23,01/15/2023,Moldova,
24,01/15/2023,Montenegro,
25,01/15/2023,Netherlands,78.0
26,01/15/2023,North Macedonia,
27,01/15/2023,Norway,63.0
28,01/15/2023,Poland,69.0
29,01/15/2023,Portugal,22.0
30,01/15/2023,Romania,96.0
31,01/15/2023,Serbia,110.0
32,01/15/2023,Slovakia,99.0
33,01/15/2023,Slovenia,85.0
34,01/15/2023,Spain,22.0
35,01/15/2023,Sweden,18.0
36,01/15/2023,Switzerland,157.0
37,01/15/2023,Turkey,
38,01/15/2023,Ukraine,
39,01/15/2023,United Kingdom,
0,01/16/2023,Albania,
1,01/16/2023,Austria,135.0
2,01/16/2023,Belgium,136.0
3,01/16/2023,Bosnia and Herz.,
4,01/16/2023,Bulgaria,130.0
5,01/16/2023,Croatia,126.0
6,01/16/2023,Cyprus,
7,01/16/2023,Czech Rep.,130.0
8,01/16/2023,Denmark,110.0
9,01/16/2023,Estonia,78.0
10,01/16/2023,Finland,71.0
11,01/16/2023,France,135.0
12,01/16/2023,Georgia,
13,01/16/2023,Germany,129.0
14,01/16/2023,Greece,204.0
15,01/16/2023,Hungary,132.0
16,01/16/2023,Ireland,204.0
17,01/16/2023,Italy,132.0
18,01/16/2023,Kosovo,
19,01/16/2023,Latvia,78.0
20,01/16/2023,Lithuania,80.0
21,01/16/2023,Luxembourg,129.0
22,01/16/2023,Malta,
23,01/16/2023,Moldova,
24,01/16/2023,Montenegro,
25,01/16/2023,Netherlands,133.0
26,01/16/2023,North Macedonia,
27,01/16/2023,Norway,114.0
28,01/16/2023,Poland,130.0
29,01/16/2023,Portugal,13.0
30,01/16/2023,Romania,130.0
31,01/16/2023,Serbia,140.0
32,01/16/2023,Slovakia,132.0
33,01/16/2023,Slovenia,137.0
34,01/16/2023,Spain,13.0
35,01/16/2023,Sweden,75.0
36,01/16/2023,Switzerland,153.0
37,01/16/2023,Turkey,
38,01/16/2023,Ukraine,
39,01/16/2023,United Kingdom,
0,01/17/2023,Albania,
1,01/17/2023,Austria,144.0
2,01/17/2023,Belgium,185.0
3,01/17/2023,Bosnia and Herz.,
4,01/17/2023,Bulgaria,120.0
5,01/17/2023,Croatia,140.0
6,01/17/2023,Cyprus,
7,01/17/2023,Czech Rep.,136.0
8,01/17/2023,Denmark,94.0
9,01/17/2023,Estonia,73.0
10,01/17/2023,Finland,62.0
11,01/17/2023,France,179.0
12,01/17/2023,Georgia,
13,01/17/2023,Germany,134.0
14,01/17/2023,Greece,132.0
15,01/17/2023,Hungary,141.0
16,01/17/2023,Ireland,188.0
17,01/17/2023,Italy,154.0
18,01/17/2023,Kosovo,
19,01/17/2023,Latvia,73.0
20,01/17/2023,Lithuania,73.0
21,01/17/2023,Luxembourg,134.0
22,01/17/2023,Malta,
23,01/17/2023,Moldova,
24,01/17/2023,Montenegro,
25,01/17/2023,Netherlands,136.0
26,01/17/2023,North Macedonia,
27,01/17/2023,Norway,104.0
28,01/17/2023,Poland,136.0
29,01/17/2023,Portugal,5.0
30,01/17/2023,Romania,120.0
31,01/17/2023,Serbia,131.0
32,01/17/2023,Slovakia,140.0
33,01/17/2023,Slovenia,144.0
34,01/17/2023,Spain,5.0
35,01/17/2023,Sweden,62.0
36,01/17/2023,Switzerland,175.0
37,01/17/2023,Turkey,
38,01/17/2023,Ukraine,
39,01/17/2023,United Kingdom,
0,01/18/2023,Albania,
1,01/18/2023,Austria,149.0
2,01/18/2023,Belgium,150.0
3,01/18/2023,Bosnia and Herz.,
4,01/18/2023,Bulgaria,80.0
5,01/18/2023,Croatia,109.0
6,01/18/2023,Cyprus,
7,01/18/2023,Czech Rep.,141.0
8,01/18/2023,Denmark,124.0
9,01/18/2023,Estonia,110.0
10,01/18/2023,Finland,81.0
11,01/18/2023,France,157.0
12,01/18/2023,Georgia,
13,01/18/2023,Germany,144.0
14,01/18/2023,Greece,87.0
15,01/18/2023,Hungary,141.0
16,01/18/2023,Ireland,158.0
17,01/18/2023,Italy,133.0
18,01/18/2023,Kosovo,
19,01/18/2023,Latvia,110.0
20,01/18/2023,Lithuania,110.0
21,01/18/2023,Luxembourg,144.0
22,01/18/2023,Malta,
23,01/18/2023,Moldova,
24,01/18/2023,Montenegro,
25,01/18/2023,Netherlands,132.0
26,01/18/2023,North Macedonia,
27,01/18/2023,Norway,107.0
28,01/18/2023,Poland,149.0
29,01/18/2023,Portugal,21.0
30,01/18/2023,Romania,80.0
31,01/18/2023,Serbia,128.0
32,01/18/2023,Slovakia,142.0
33,01/18/2023,Slovenia,152.0
34,01/18/2023,Spain,22.0
35,01/18/2023,Sweden,83.0
36,01/18/2023,Switzerland,168.0
37,01/18/2023,Turkey,
38,01/18/2023,Ukraine,
39,01/18/2023,United Kingdom,
0,01/19/2023,Albania,
1,01/19/2023,Austria,156.0
2,01/19/2023,Belgium,187.0
3,01/19/2023,Bosnia and Herz.,
4,01/19/2023,Bulgaria,54.0
5,01/19/2023,Croatia,98.0
6,01/19/2023,Cyprus,
7,01/19/2023,Czech Rep.,147.0
8,01/19/2023,Denmark,140.0
9,01/19/2023,Estonia,137.0
10,01/19/2023,Finland,137.0
11,01/19/2023,France,185.0
12,01/19/2023,Georgia,
13,01/19/2023,Germany,148.0
14,01/19/2023,Greece,58.0
15,01/19/2023,Hungary,152.0
16,01/19/2023,Ireland,211.0
17,01/19/2023,Italy,165.0
18,01/19/2023,Kosovo,
19,01/19/2023,Latvia,137.0
20,01/19/2023,Lithuania,137.0
21,01/19/2023,Luxembourg,148.0
22,01/19/2023,Malta,
23,01/19/2023,Moldova,
24,01/19/2023,Montenegro,
25,01/19/2023,Netherlands,146.0
26,01/19/2023,North Macedonia,
27,01/19/2023,Norway,122.0
28,01/19/2023,Poland,170.0
29,01/19/2023,Portugal,35.0
30,01/19/2023,Romania,54.0
31,01/19/2023,Serbia,65.0
32,01/19/2023,Slovakia,153.0
33,01/19/2023,Slovenia,174.0
34,01/19/2023,Spain,35.0
35,01/19/2023,Sweden,134.0
36,01/19/2023,Switzerland,171.0
37,01/19/2023,Turkey,
38,01/19/2023,Ukraine,
39,01/19/2023,United Kingdom,
0,01/20/2023,Albania,
1,01/20/2023,Austria,179.0
2,01/20/2023,Belgium,184.0
3,01/20/2023,Bosnia and Herz.,
4,01/20/2023,Bulgaria,93.0
5,01/20/2023,Croatia,139.0
6,01/20/2023,Cyprus,
7,01/20/2023,Czech Rep.,175.0
8,01/20/2023,Denmark,181.0
9,01/20/2023,Estonia,164.0
10,01/20/2023,Finland,119.0
11,01/20/2023,France,187.0
12,01/20/2023,Georgia,
13,01/20/2023,Germany,181.0
14,01/20/2023,Greece,127.0
15,01/20/2023,Hungary,174.0
16,01/20/2023,Ireland,198.0
17,01/20/2023,Italy,177.0
18,01/20/2023,Kosovo,
19,01/20/2023,Latvia,164.0
20,01/20/2023,Lithuania,171.0
21,01/20/2023,Luxembourg,181.0
22,01/20/2023,Malta,
23,01/20/2023,Moldova,
24,01/20/2023,Montenegro,
25,01/20/2023,Netherlands,178.0
26,01/20/2023,North Macedonia,
27,01/20/2023,Norway,127.0
28,01/20/2023,Poland,177.0
29,01/20/2023,Portugal,91.0
30,01/20/2023,Romania,93.0
31,01/20/2023,Serbia,97.0
32,01/20/2023,Slovakia,174.0
33,01/20/2023,Slovenia,187.0
34,01/20/2023,Spain,91.0
35,01/20/2023,Sweden,117.0
36,01/20/2023,Switzerland,187.0
37,01/20/2023,Turkey,
38,01/20/2023,Ukraine,
39,01/20/2023,United Kingdom,
0,01/21/2023,Albania,
1,01/21/2023,Austria,143.0
2,01/21/2023,Belgium,155.0
3,01/21/2023,Bosnia and Herz.,
4,01/21/2023,Bulgaria,110.0
5,01/21/2023,Croatia,82.0
6,01/21/2023,Cyprus,
7,01/21/2023,Czech Rep.,136.0
8,01/21/2023,Denmark,143.0
9,01/21/2023,Estonia,128.0
10,01/21/2023,Finland,118.0
11,01/21/2023,France,156.0
12,01/21/2023,Georgia,
13,01/21/2023,Germany,144.0
14,01/21/2023,Greece,129.0
15,01/21/2023,Hungary,128.0
16,01/21/2023,Ireland,162.0
17,01/21/2023,Italy,137.0
18,01/21/2023,Kosovo,
19,01/21/2023,Latvia,128.0
20,01/21/2023,Lithuania,128.0
21,01/21/2023,Luxembourg,144.0
22,01/21/2023,Malta,
23,01/21/2023,Moldova,
24,01/21/2023,Montenegro,
25,01/21/2023,Netherlands,149.0
26,01/21/2023,North Macedonia,
27,01/21/2023,Norway,115.0
28,01/21/2023,Poland,113.0
29,01/21/2023,Portugal,59.0
30,01/21/2023,Romania,110.0
31,01/21/2023,Serbia,103.0
32,01/21/2023,Slovakia,131.0
33,01/21/2023,Slovenia,166.0
34,01/21/2023,Spain,59.0
35,01/21/2023,Sweden,98.0
36,01/21/2023,Switzerland,160.0
37,01/21/2023,Turkey,
38,01/21/2023,Ukraine,
39,01/21/2023,United Kingdom,
0,01/22/2023,Albania,
1,01/22/2023,Austria,156.0
2,01/22/2023,Belgium,171.0
3,01/22/2023,Bosnia and Herz.,
4,01/22/2023,Bulgaria,130.0
5,01/22/2023,Croatia,102.0
6,01/22/2023,Cyprus,
7,01/22/2023,Czech Rep.,146.0
8,01/22/2023,Denmark,137.0
9,01/22/2023,Estonia,122.0
10,01/22/2023,Finland,67.0
11,01/22/2023,France,168.0
12,01/22/2023,Georgia,
13,01/22/2023,Germany,151.0
14,01/22/2023,Greece,173.0
15,01/22/2023,Hungary,139.0
16,01/22/2023,Ireland,180.0
17,01/22/2023,Italy,185.0
18,01/22/2023,Kosovo,
19,01/22/2023,Latvia,122.0
20,01/22/2023,Lithuania,127.0
21,01/22/2023,Luxembourg,151.0
22,01/22/2023,Malta,
23,01/22/2023,Moldova,
24,01/22/2023,Montenegro,
25,01/22/2023,Netherlands,151.0
26,01/22/2023,North Macedonia,
27,01/22/2023,Norway,111.0
28,01/22/2023,Poland,139.0
29,01/22/2023,Portugal,38.0
30,01/22/2023,Romania,130.0
31,01/22/2023,Serbia,108.0
32,01/22/2023,Slovakia,142.0
33,01/22/2023,Slovenia,169.0
34,01/22/2023,Spain,38.0
35,01/22/2023,Sweden,86.0
36,01/22/2023,Switzerland,173.0
37,01/22/2023,Turkey,
38,01/22/2023,Ukraine,
39,01/22/2023,United Kingdom,
0,01/23/2023,Albania,
1,01/23/2023,Austria,203.0
2,01/23/2023,Belgium,205.0
3,01/23/2023,Bosnia and Herz.,
4,01/23/2023,Bulgaria,154.0
5,01/23/2023,Croatia,195.0
6,01/23/2023,Cyprus,
7,01/23/2023,Czech Rep.,203.0
8,01/23/2023,Denmark,202.0
9,01/23/2023,Estonia,173.0
10,01/23/2023,Finland,81.0
11,01/23/2023,France,205.0
12,01/23/2023,Georgia,
13,01/23/2023,Germany,203.0
14,01/23/2023,Greece,188.0
15,01/23/2023,Hungary,205.0
16,01/23/2023,Ireland,224.0
17,01/23/2023,Italy,200.0
18,01/23/2023,Kosovo,
19,01/23/2023,Latvia,173.0
20,01/23/2023,Lithuania,189.0
21,01/23/2023,Luxembourg,203.0
22,01/23/2023,Malta,
23,01/23/2023,Moldova,
24,01/23/2023,Montenegro,
25,01/23/2023,Netherlands,202.0
26,01/23/2023,North Macedonia,
27,01/23/2023,Norway,140.0
28,01/23/2023,Poland,184.0
29,01/23/2023,Portugal,72.0
30,01/23/2023,Romania,154.0
31,01/23/2023,Serbia,199.0
32,01/23/2023,Slovakia,204.0
33,01/23/2023,Slovenia,201.0
34,01/23/2023,Spain,72.0
35,01/23/2023,Sweden,112.0
36,01/23/2023,Switzerland,209.0
37,01/23/2023,Turkey,
38,01/23/2023,Ukraine,
39,01/23/2023,United Kingdom,
0,01/24/2023,Albania,
1,01/24/2023,Austria,203.0
2,01/24/2023,Belgium,205.0
3,01/24/2023,Bosnia and Herz.,
4,01/24/2023,Bulgaria,160.0
5,01/24/2023,Croatia,192.0
6,01/24/2023,Cyprus,
7,01/24/2023,Czech Rep.,203.0
8,01/24/2023,Denmark,198.0
9,01/24/2023,Estonia,141.0
10,01/24/2023,Finland,115.0
11,01/24/2023,France,204.0
12,01/24/2023,Georgia,
13,01/24/2023,Germany,203.0
14,01/24/2023,Greece,195.0
15,01/24/2023,Hungary,206.0
16,01/24/2023,Ireland,209.0
17,01/24/2023,Italy,198.0
18,01/24/2023,Kosovo,
19,01/24/2023,Latvia,141.0
20,01/24/2023,Lithuania,177.0
21,01/24/2023,Luxembourg,203.0
22,01/24/2023,Malta,
23,01/24/2023,Moldova,
24,01/24/2023,Montenegro,
25,01/24/2023,Netherlands,200.0
26,01/24/2023,North Macedonia,
27,01/24/2023,Norway,130.0
28,01/24/2023,Poland,187.0
29,01/24/2023,Portugal,87.0
30,01/24/2023,Romania,160.0
31,01/24/2023,Serbia,165.0
32,01/24/2023,Slovakia,205.0
33,01/24/2023,Slovenia,201.0
34,01/24/2023,Spain,87.0
35,01/24/2023,Sweden,91.0
36,01/24/2023,Switzerland,205.0
37,01/24/2023,Turkey,
38,01/24/2023,Ukraine,
39,01/24/2023,United Kingdom,
0,01/25/2023,Albania,
1,01/25/2023,Austria,182.0
2,01/25/2023,Belgium,186.0
3,01/25/2023,Bosnia and Herz.,
4,01/25/2023,Bulgaria,159.0
5,01/25/2023,Croatia,169.0
6,01/25/2023,Cyprus,
7,01/25/2023,Czech Rep.,182.0
8,01/25/2023,Denmark,131.0
9,01/25/2023,Estonia,91.0
10,01/25/2023,Finland,24.0
11,01/25/2023,France,186.0
12,01/25/2023,Georgia,
13,01/25/2023,Germany,182.0
14,01/25/2023,Greece,187.0
15,01/25/2023,Hungary,184.0
16,01/25/2023,Ireland,178.0
17,01/25/2023,Italy,188.0
18,01/25/2023,Kosovo,
19,01/25/2023,Latvia,91.0
20,01/25/2023,Lithuania,93.0
21,01/25/2023,Luxembourg,182.0
22,01/25/2023,Malta,
23,01/25/2023,Moldova,
24,01/25/2023,Montenegro,
25,01/25/2023,Netherlands,175.0
26,01/25/2023,North Macedonia,
27,01/25/2023,Norway,94.0
28,01/25/2023,Poland,178.0
29,01/25/2023,Portugal,92.0
30,01/25/2023,Romania,159.0
31,01/25/2023,Serbia,160.0
32,01/25/2023,Slovakia,184.0
33,01/25/2023,Slovenia,184.0
34,01/25/2023,Spain,93.0
35,01/25/2023,Sweden,40.0
36,01/25/2023,Switzerland,186.0
37,01/25/2023,Turkey,
38,01/25/2023,Ukraine,
39,01/25/2023,United Kingdom,
0,01/26/2023,Albania,
1,01/26/2023,Austria,169.0
2,01/26/2023,Belgium,173.0
3,01/26/2023,Bosnia and Herz.,
4,01/26/2023,Bulgaria,170.0
5,01/26/2023,Croatia,170.0
6,01/26/2023,Cyprus,
7,01/26/2023,Czech Rep.,169.0
8,01/26/2023,Denmark,142.0
9,01/26/2023,Estonia,138.0
10,01/26/2023,Finland,99.0
11,01/26/2023,France,171.0
12,01/26/2023,Georgia,
13,01/26/2023,Germany,168.0
14,01/26/2023,Greece,180.0
15,01/26/2023,Hungary,170.0
16,01/26/2023,Ireland,200.0
17,01/26/2023,Italy,174.0
18,01/26/2023,Kosovo,
19,01/26/2023,Latvia,138.0
20,01/26/2023,Lithuania,139.0
21,01/26/2023,Luxembourg,168.0
22,01/26/2023,Malta,
23,01/26/2023,Moldova,
24,01/26/2023,Montenegro,
25,01/26/2023,Netherlands,148.0
26,01/26/2023,North Macedonia,
27,01/26/2023,Norway,97.0
28,01/26/2023,Poland,172.0
29,01/26/2023,Portugal,67.0
30,01/26/2023,Romania,170.0
31,01/26/2023,Serbia,116.0
32,01/26/2023,Slovakia,170.0
33,01/26/2023,Slovenia,170.0
34,01/26/2023,Spain,67.0
35,01/26/2023,Sweden,79.0
36,01/26/2023,Switzerland,176.0
37,01/26/2023,Turkey,
38,01/26/2023,Ukraine,
39,01/26/2023,United Kingdom,
0,01/27/2023,Albania,
1,01/27/2023,Austria,169.0
2,01/27/2023,Belgium,173.0
3,01/27/2023,Bosnia and Herz.,
4,01/27/2023,Bulgaria,149.0
5,01/27/2023,Croatia,166.0
6,01/27/2023,Cyprus,
7,01/27/2023,Czech Rep.,169.0
8,01/27/2023,Denmark,163.0
9,01/27/2023,Estonia,132.0
10,01/27/2023,Finland,112.0
11,01/27/2023,France,171.0
12,01/27/2023,Georgia,
13,01/27/2023,Germany,169.0
14,01/27/2023,Greece,211.0
15,01/27/2023,Hungary,170.0
16,01/27/2023,Ireland,204.0
17,01/27/2023,Italy,170.0
18,01/27/2023,Kosovo,
19,01/27/2023,Latvia,132.0
20,01/27/2023,Lithuania,157.0
21,01/27/2023,Luxembourg,169.0
22,01/27/2023,Malta,
23,01/27/2023,Moldova,
24,01/27/2023,Montenegro,
25,01/27/2023,Netherlands,166.0
26,01/27/2023,North Macedonia,
27,01/27/2023,Norway,110.0
28,01/27/2023,Poland,169.0
29,01/27/2023,Portugal,46.0
30,01/27/2023,Romania,149.0
31,01/27/2023,Serbia,138.0
32,01/27/2023,Slovakia,169.0
33,01/27/2023,Slovenia,168.0
34,01/27/2023,Spain,46.0
35,01/27/2023,Sweden,94.0
36,01/27/2023,Switzerland,176.0
37,01/27/2023,Turkey,
38,01/27/2023,Ukraine,
39,01/27/2023,United Kingdom,
0,01/28/2023,Albania,
1,01/28/2023,Austria,146.0
2,01/28/2023,Belgium,148.0
3,01/28/2023,Bosnia and Herz.,
4,01/28/2023,Bulgaria,126.0
5,01/28/2023,Croatia,142.0
6,01/28/2023,Cyprus,
7,01/28/2023,Czech Rep.,146.0
8,01/28/2023,Denmark,102.0
9,01/28/2023,Estonia,84.0
10,01/28/2023,Finland,32.0
11,01/28/2023,France,147.0
12,01/28/2023,Georgia,
13,01/28/2023,Germany,145.0
14,01/28/2023,Greece,183.0
15,01/28/2023,Hungary,147.0
16,01/28/2023,Ireland,172.0
17,01/28/2023,Italy,164.0
18,01/28/2023,Kosovo,
19,01/28/2023,Latvia,84.0
20,01/28/2023,Lithuania,84.0
21,01/28/2023,Luxembourg,145.0
22,01/28/2023,Malta,
23,01/28/2023,Moldova,
24,01/28/2023,Montenegro,
25,01/28/2023,Netherlands,140.0
26,01/28/2023,North Macedonia,
27,01/28/2023,Norway,84.0
28,01/28/2023,Poland,147.0
29,01/28/2023,Portugal,41.0
30,01/28/2023,Romania,126.0
31,01/28/2023,Serbia,160.0
32,01/28/2023,Slovakia,147.0
33,01/28/2023,Slovenia,145.0
34,01/28/2023,Spain,41.0
35,01/28/2023,Sweden,36.0
36,01/28/2023,Switzerland,157.0
37,01/28/2023,Turkey,
38,01/28/2023,Ukraine,
39,01/28/2023,United Kingdom,
0,01/29/2023,Albania,
1,01/29/2023,Austria,140.0
2,01/29/2023,Belgium,145.0
3,01/29/2023,Bosnia and Herz.,
4,01/29/2023,Bulgaria,131.0
5,01/29/2023,Croatia,141.0
6,01/29/2023,Cyprus,
7,01/29/2023,Czech Rep.,130.0
8,01/29/2023,Denmark,63.0
9,01/29/2023,Estonia,38.0
10,01/29/2023,Finland,30.0
11,01/29/2023,France,145.0
12,01/29/2023,Georgia,
13,01/29/2023,Germany,124.0
14,01/29/2023,Greece,163.0
15,01/29/2023,Hungary,148.0
16,01/29/2023,Ireland,157.0
17,01/29/2023,Italy,155.0
18,01/29/2023,Kosovo,
19,01/29/2023,Latvia,38.0
20,01/29/2023,Lithuania,38.0
21,01/29/2023,Luxembourg,124.0
22,01/29/2023,Malta,
23,01/29/2023,Moldova,
24,01/29/2023,Montenegro,
25,01/29/2023,Netherlands,128.0
26,01/29/2023,North Macedonia,
27,01/29/2023,Norway,73.0
28,01/29/2023,Poland,112.0
29,01/29/2023,Portugal,68.0
30,01/29/2023,Romania,131.0
31,01/29/2023,Serbia,127.0
32,01/29/2023,Slovakia,153.0
33,01/29/2023,Slovenia,142.0
34,01/29/2023,Spain,68.0
35,01/29/2023,Sweden,30.0
36,01/29/2023,Switzerland,152.0
37,01/29/2023,Turkey,
38,01/29/2023,Ukraine,
39,01/29/2023,United Kingdom,
0,01/30/2023,Albania,
1,01/30/2023,Austria,157.0
2,01/30/2023,Belgium,137.0
3,01/30/2023,Bosnia and Herz.,
4,01/30/2023,Bulgaria,199.0
5,01/30/2023,Croatia,181.0
6,01/30/2023,Cyprus,
7,01/30/2023,Czech Rep.,138.0
8,01/30/2023,Denmark,47.0
9,01/30/2023,Estonia,64.0
10,01/30/2023,Finland,44.0
11,01/30/2023,France,162.0
12,01/30/2023,Georgia,
13,01/30/2023,Germany,74.0
14,01/30/2023,Greece,226.0
15,01/30/2023,Hungary,193.0
16,01/30/2023,Ireland,166.0
17,01/30/2023,Italy,179.0
18,01/30/2023,Kosovo,
19,01/30/2023,Latvia,64.0
20,01/30/2023,Lithuania,64.0
21,01/30/2023,Luxembourg,74.0
22,01/30/2023,Malta,
23,01/30/2023,Moldova,
24,01/30/2023,Montenegro,
25,01/30/2023,Netherlands,103.0
26,01/30/2023,North Macedonia,
27,01/30/2023,Norway,63.0
28,01/30/2023,Poland,98.0
29,01/30/2023,Portugal,135.0
30,01/30/2023,Romania,199.0
31,01/30/2023,Serbia,160.0
32,01/30/2023,Slovakia,208.0
33,01/30/2023,Slovenia,173.0
34,01/30/2023,Spain,135.0
35,01/30/2023,Sweden,23.0
36,01/30/2023,Switzerland,163.0
37,01/30/2023,Turkey,
38,01/30/2023,Ukraine,
39,01/30/2023,United Kingdom,
0,01/31/2023,Albania,
1,01/31/2023,Austria,146.0
2,01/31/2023,Belgium,150.0
3,01/31/2023,Bosnia and Herz.,
4,01/31/2023,Bulgaria,153.0
5,01/31/2023,Croatia,151.0
6,01/31/2023,Cyprus,
7,01/31/2023,Czech Rep.,144.0
8,01/31/2023,Denmark,86.0
9,01/31/2023,Estonia,88.0
10,01/31/2023,Finland,80.0
11,01/31/2023,France,160.0
12,01/31/2023,Georgia,
13,01/31/2023,Germany,117.0
14,01/31/2023,Greece,201.0
15,01/31/2023,Hungary,152.0
16,01/31/2023,Ireland,143.0
17,01/31/2023,Italy,154.0
18,01/31/2023,Kosovo,
19,01/31/2023,Latvia,88.0
20,01/31/2023,Lithuania,88.0
21,01/31/2023,Luxembourg,117.0
22,01/31/2023,Malta,
23,01/31/2023,Moldova,
24,01/31/2023,Montenegro,
25,01/31/2023,Netherlands,135.0
26,01/31/2023,North Macedonia,
27,01/31/2023,Norway,84.0
28,01/31/2023,Poland,110.0
29,01/31/2023,Portugal,127.0
30,01/31/2023,Romania,153.0
31,01/31/2023,Serbia,156.0
32,01/31/2023,Slovakia,153.0
33,01/31/2023,Slovenia,150.0
34,01/31/2023,Spain,127.0
35,01/31/2023,Sweden,71.0
36,01/31/2023,Switzerland,169.0
37,01/31/2023,Turkey,
38,01/31/2023,Ukraine,
39,01/31/2023,United Kingdom,
0,02/01/2023,Albania,
1,02/01/2023,Austria,142.0
2,02/01/2023,Belgium,147.0
3,02/01/2023,Bosnia and Herz.,
4,02/01/2023,Bulgaria,156.0
5,02/01/2023,Croatia,149.0
6,02/01/2023,Cyprus,
7,02/01/2023,Czech Rep.,148.0
8,02/01/2023,Denmark,93.0
9,02/01/2023,Estonia,119.0
10,02/01/2023,Finland,119.0
11,02/01/2023,France,151.0
12,02/01/2023,Georgia,
13,02/01/2023,Germany,93.0
14,02/01/2023,Greece,165.0
15,02/01/2023,Hungary,155.0
16,02/01/2023,Ireland,145.0
17,02/01/2023,Italy,163.0
18,02/01/2023,Kosovo,
19,02/01/2023,Latvia,119.0
20,02/01/2023,Lithuania,119.0
21,02/01/2023,Luxembourg,93.0
22,02/01/2023,Malta,
23,02/01/2023,Moldova,
24,02/01/2023,Montenegro,
25,02/01/2023,Netherlands,109.0
26,02/01/2023,North Macedonia,
27,02/01/2023,Norway,86.0
28,02/01/2023,Poland,103.0
29,02/01/2023,Portugal,128.0
30,02/01/2023,Romania,156.0
31,02/01/2023,Serbia,158.0
32,02/01/2023,Slovakia,148.0
33,02/01/2023,Slovenia,147.0
34,02/01/2023,Spain,129.0
35,02/01/2023,Sweden,92.0
36,02/01/2023,Switzerland,162.0
37,02/01/2023,Turkey,
38,02/01/2023,Ukraine,
39,02/01/2023,United Kingdom,
0,02/02/2023,Albania,
1,02/02/2023,Austria,151.0
2,02/02/2023,Belgium,149.0
3,02/02/2023,Bosnia and Herz.,
4,02/02/2023,Bulgaria,153.0
5,02/02/2023,Croatia,152.0
6,02/02/2023,Cyprus,
7,02/02/2023,Czech Rep.,144.0
8,02/02/2023,Denmark,136.0
9,02/02/2023,Estonia,139.0
10,02/02/2023,Finland,135.0
11,02/02/2023,France,156.0
12,02/02/2023,Georgia,
13,02/02/2023,Germany,136.0
14,02/02/2023,Greece,169.0
15,02/02/2023,Hungary,152.0
16,02/02/2023,Ireland,151.0
17,02/02/2023,Italy,180.0
18,02/02/2023,Kosovo,
19,02/02/2023,Latvia,139.0
20,02/02/2023,Lithuania,139.0
21,02/02/2023,Luxembourg,136.0
22,02/02/2023,Malta,
23,02/02/2023,Moldova,
24,02/02/2023,Montenegro,
25,02/02/2023,Netherlands,139.0
26,02/02/2023,North Macedonia,
27,02/02/2023,Norway,112.0
28,02/02/2023,Poland,127.0
29,02/02/2023,Portugal,137.0
30,02/02/2023,Romania,153.0
31,02/02/2023,Serbia,153.0
32,02/02/2023,Slovakia,152.0
33,02/02/2023,Slovenia,152.0
34,02/02/2023,Spain,138.0
35,02/02/2023,Sweden,116.0
36,02/02/2023,Switzerland,163.0
37,02/02/2023,Turkey,
38,02/02/2023,Ukraine,
39,02/02/2023,United Kingdom,
0,02/03/2023,Albania,
1,02/03/2023,Austria,142.0
2,02/03/2023,Belgium,143.0
3,02/03/2023,Bosnia and Herz.,
4,02/03/2023,Bulgaria,150.0
5,02/03/2023,Croatia,147.0
6,02/03/2023,Cyprus,
7,02/03/2023,Czech Rep.,129.0
8,02/03/2023,Denmark,102.0
9,02/03/2023,Estonia,132.0
10,02/03/2023,Finland,115.0
11,02/03/2023,France,141.0
12,02/03/2023,Georgia,
13,02/03/2023,Germany,103.0
14,02/03/2023,Greece,167.0
15,02/03/2023,Hungary,150.0
16,02/03/2023,Ireland,159.0
17,02/03/2023,Italy,170.0
18,02/03/2023,Kosovo,
19,02/03/2023,Latvia,132.0
20,02/03/2023,Lithuania,132.0
21,02/03/2023,Luxembourg,103.0
22,02/03/2023,Malta,
23,02/03/2023,Moldova,
24,02/03/2023,Montenegro,
25,02/03/2023,Netherlands,138.0
26,02/03/2023,North Macedonia,
27,02/03/2023,Norway,91.0
28,02/03/2023,Poland,138.0
29,02/03/2023,Portugal,139.0
30,02/03/2023,Romania,150.0
31,02/03/2023,Serbia,157.0
32,02/03/2023,Slovakia,150.0
33,02/03/2023,Slovenia,146.0
34,02/03/2023,Spain,139.0
35,02/03/2023,Sweden,100.0
36,02/03/2023,Switzerland,162.0
37,02/03/2023,Turkey,
38,02/03/2023,Ukraine,
39,02/03/2023,United Kingdom,
<<<<<<< Updated upstream
0,02/04/2023,Albania,
1,02/04/2023,Austria,147.0
2,02/04/2023,Belgium,152.0
3,02/04/2023,Bosnia and Herz.,
4,02/04/2023,Bulgaria,143.0
5,02/04/2023,Croatia,146.0
6,02/04/2023,Cyprus,
7,02/04/2023,Czech Rep.,144.0
8,02/04/2023,Denmark,142.0
9,02/04/2023,Estonia,130.0
10,02/04/2023,Finland,115.0
11,02/04/2023,France,153.0
12,02/04/2023,Georgia,
13,02/04/2023,Germany,146.0
14,02/04/2023,Greece,154.0
15,02/04/2023,Hungary,145.0
16,02/04/2023,Ireland,161.0
17,02/04/2023,Italy,155.0
18,02/04/2023,Kosovo,
19,02/04/2023,Latvia,130.0
20,02/04/2023,Lithuania,132.0
21,02/04/2023,Luxembourg,146.0
22,02/04/2023,Malta,
23,02/04/2023,Moldova,
24,02/04/2023,Montenegro,
25,02/04/2023,Netherlands,151.0
26,02/04/2023,North Macedonia,
27,02/04/2023,Norway,98.0
28,02/04/2023,Poland,132.0
29,02/04/2023,Portugal,126.0
30,02/04/2023,Romania,143.0
31,02/04/2023,Serbia,135.0
32,02/04/2023,Slovakia,145.0
33,02/04/2023,Slovenia,147.0
34,02/04/2023,Spain,126.0
35,02/04/2023,Sweden,94.0
36,02/04/2023,Switzerland,150.0
37,02/04/2023,Turkey,
38,02/04/2023,Ukraine,
39,02/04/2023,United Kingdom,
0,02/05/2023,Albania,
1,02/05/2023,Austria,131.0
2,02/05/2023,Belgium,134.0
3,02/05/2023,Bosnia and Herz.,
4,02/05/2023,Bulgaria,108.0
5,02/05/2023,Croatia,124.0
6,02/05/2023,Cyprus,
7,02/05/2023,Czech Rep.,129.0
8,02/05/2023,Denmark,112.0
9,02/05/2023,Estonia,111.0
10,02/05/2023,Finland,85.0
11,02/05/2023,France,133.0
12,02/05/2023,Georgia,
13,02/05/2023,Germany,131.0
14,02/05/2023,Greece,137.0
15,02/05/2023,Hungary,129.0
16,02/05/2023,Ireland,175.0
17,02/05/2023,Italy,131.0
18,02/05/2023,Kosovo,
19,02/05/2023,Latvia,111.0
20,02/05/2023,Lithuania,112.0
21,02/05/2023,Luxembourg,131.0
22,02/05/2023,Malta,
23,02/05/2023,Moldova,
24,02/05/2023,Montenegro,
25,02/05/2023,Netherlands,131.0
26,02/05/2023,North Macedonia,
27,02/05/2023,Norway,84.0
28,02/05/2023,Poland,132.0
29,02/05/2023,Portugal,79.0
30,02/05/2023,Romania,108.0
31,02/05/2023,Serbia,115.0
32,02/05/2023,Slovakia,130.0
33,02/05/2023,Slovenia,127.0
34,02/05/2023,Spain,79.0
35,02/05/2023,Sweden,64.0
36,02/05/2023,Switzerland,
37,02/05/2023,Turkey,
38,02/05/2023,Ukraine,
39,02/05/2023,United Kingdom,
0,02/06/2023,Albania,
1,02/06/2023,Austria,172.0
2,02/06/2023,Belgium,171.0
3,02/06/2023,Bosnia and Herz.,
4,02/06/2023,Bulgaria,164.0
5,02/06/2023,Croatia,167.0
6,02/06/2023,Cyprus,
7,02/06/2023,Czech Rep.,173.0
8,02/06/2023,Denmark,173.0
9,02/06/2023,Estonia,155.0
10,02/06/2023,Finland,137.0
11,02/06/2023,France,171.0
12,02/06/2023,Georgia,
13,02/06/2023,Germany,173.0
14,02/06/2023,Greece,165.0
15,02/06/2023,Hungary,172.0
16,02/06/2023,Ireland,174.0
17,02/06/2023,Italy,169.0
18,02/06/2023,Kosovo,
19,02/06/2023,Latvia,157.0
20,02/06/2023,Lithuania,160.0
21,02/06/2023,Luxembourg,173.0
22,02/06/2023,Malta,
23,02/06/2023,Moldova,
24,02/06/2023,Montenegro,
25,02/06/2023,Netherlands,167.0
26,02/06/2023,North Macedonia,
27,02/06/2023,Norway,109.0
28,02/06/2023,Poland,173.0
29,02/06/2023,Portugal,135.0
30,02/06/2023,Romania,164.0
31,02/06/2023,Serbia,157.0
32,02/06/2023,Slovakia,173.0
33,02/06/2023,Slovenia,173.0
34,02/06/2023,Spain,135.0
35,02/06/2023,Sweden,93.0
36,02/06/2023,Switzerland,177.0
37,02/06/2023,Turkey,
38,02/06/2023,Ukraine,
39,02/06/2023,United Kingdom,
0,02/07/2023,Albania,
1,02/07/2023,Austria,175.0
2,02/07/2023,Belgium,174.0
3,02/07/2023,Bosnia and Herz.,
4,02/07/2023,Bulgaria,161.0
5,02/07/2023,Croatia,173.0
6,02/07/2023,Cyprus,
7,02/07/2023,Czech Rep.,175.0
8,02/07/2023,Denmark,171.0
9,02/07/2023,Estonia,152.0
10,02/07/2023,Finland,69.0
11,02/07/2023,France,175.0
12,02/07/2023,Georgia,
13,02/07/2023,Germany,173.0
14,02/07/2023,Greece,169.0
15,02/07/2023,Hungary,177.0
16,02/07/2023,Ireland,213.0
17,02/07/2023,Italy,178.0
18,02/07/2023,Kosovo,
19,02/07/2023,Latvia,162.0
20,02/07/2023,Lithuania,173.0
21,02/07/2023,Luxembourg,173.0
22,02/07/2023,Malta,
23,02/07/2023,Moldova,
24,02/07/2023,Montenegro,
25,02/07/2023,Netherlands,171.0
26,02/07/2023,North Macedonia,
27,02/07/2023,Norway,93.0
28,02/07/2023,Poland,179.0
29,02/07/2023,Portugal,137.0
30,02/07/2023,Romania,161.0
31,02/07/2023,Serbia,172.0
32,02/07/2023,Slovakia,177.0
33,02/07/2023,Slovenia,175.0
34,02/07/2023,Spain,137.0
35,02/07/2023,Sweden,77.0
36,02/07/2023,Switzerland,178.0
37,02/07/2023,Turkey,
38,02/07/2023,Ukraine,
39,02/07/2023,United Kingdom,
0,02/08/2023,Albania,
1,02/08/2023,Austria,162.0
2,02/08/2023,Belgium,162.0
3,02/08/2023,Bosnia and Herz.,
4,02/08/2023,Bulgaria,158.0
5,02/08/2023,Croatia,161.0
6,02/08/2023,Cyprus,
7,02/08/2023,Czech Rep.,158.0
8,02/08/2023,Denmark,128.0
9,02/08/2023,Estonia,116.0
10,02/08/2023,Finland,59.0
11,02/08/2023,France,165.0
12,02/08/2023,Georgia,
13,02/08/2023,Germany,152.0
14,02/08/2023,Greece,158.0
15,02/08/2023,Hungary,163.0
16,02/08/2023,Ireland,159.0
17,02/08/2023,Italy,170.0
18,02/08/2023,Kosovo,
19,02/08/2023,Latvia,117.0
20,02/08/2023,Lithuania,117.0
21,02/08/2023,Luxembourg,152.0
22,02/08/2023,Malta,
23,02/08/2023,Moldova,
24,02/08/2023,Montenegro,
25,02/08/2023,Netherlands,154.0
26,02/08/2023,North Macedonia,
27,02/08/2023,Norway,81.0
28,02/08/2023,Poland,165.0
29,02/08/2023,Portugal,138.0
30,02/08/2023,Romania,158.0
31,02/08/2023,Serbia,166.0
32,02/08/2023,Slovakia,162.0
33,02/08/2023,Slovenia,162.0
34,02/08/2023,Spain,138.0
35,02/08/2023,Sweden,54.0
36,02/08/2023,Switzerland,172.0
37,02/08/2023,Turkey,
38,02/08/2023,Ukraine,
39,02/08/2023,United Kingdom,
0,02/09/2023,Albania,
1,02/09/2023,Austria,154.0
2,02/09/2023,Belgium,153.0
3,02/09/2023,Bosnia and Herz.,
4,02/09/2023,Bulgaria,157.0
5,02/09/2023,Croatia,155.0
6,02/09/2023,Cyprus,
7,02/09/2023,Czech Rep.,138.0
8,02/09/2023,Denmark,55.0
9,02/09/2023,Estonia,79.0
10,02/09/2023,Finland,22.0
11,02/09/2023,France,180.0
12,02/09/2023,Georgia,
13,02/09/2023,Germany,133.0
14,02/09/2023,Greece,159.0
15,02/09/2023,Hungary,157.0
16,02/09/2023,Ireland,173.0
17,02/09/2023,Italy,178.0
18,02/09/2023,Kosovo,
19,02/09/2023,Latvia,79.0
20,02/09/2023,Lithuania,79.0
21,02/09/2023,Luxembourg,133.0
22,02/09/2023,Malta,
23,02/09/2023,Moldova,
24,02/09/2023,Montenegro,
25,02/09/2023,Netherlands,143.0
26,02/09/2023,North Macedonia,
27,02/09/2023,Norway,67.0
28,02/09/2023,Poland,141.0
29,02/09/2023,Portugal,145.0
30,02/09/2023,Romania,157.0
31,02/09/2023,Serbia,150.0
32,02/09/2023,Slovakia,151.0
33,02/09/2023,Slovenia,155.0
34,02/09/2023,Spain,145.0
35,02/09/2023,Sweden,22.0
36,02/09/2023,Switzerland,163.0
37,02/09/2023,Turkey,
38,02/09/2023,Ukraine,
39,02/09/2023,United Kingdom,
0,02/10/2023,Albania,
1,02/10/2023,Austria,155.0
2,02/10/2023,Belgium,149.0
3,02/10/2023,Bosnia and Herz.,
4,02/10/2023,Bulgaria,164.0
5,02/10/2023,Croatia,160.0
6,02/10/2023,Cyprus,
7,02/10/2023,Czech Rep.,142.0
8,02/10/2023,Denmark,73.0
9,02/10/2023,Estonia,72.0
10,02/10/2023,Finland,46.0
11,02/10/2023,France,159.0
12,02/10/2023,Georgia,
13,02/10/2023,Germany,126.0
14,02/10/2023,Greece,168.0
15,02/10/2023,Hungary,163.0
16,02/10/2023,Ireland,153.0
17,02/10/2023,Italy,168.0
18,02/10/2023,Kosovo,
19,02/10/2023,Latvia,77.0
20,02/10/2023,Lithuania,77.0
21,02/10/2023,Luxembourg,126.0
22,02/10/2023,Malta,
23,02/10/2023,Moldova,
24,02/10/2023,Montenegro,
25,02/10/2023,Netherlands,133.0
26,02/10/2023,North Macedonia,
27,02/10/2023,Norway,68.0
28,02/10/2023,Poland,133.0
29,02/10/2023,Portugal,141.0
30,02/10/2023,Romania,164.0
31,02/10/2023,Serbia,159.0
32,02/10/2023,Slovakia,162.0
33,02/10/2023,Slovenia,159.0
34,02/10/2023,Spain,142.0
35,02/10/2023,Sweden,36.0
36,02/10/2023,Switzerland,161.0
37,02/10/2023,Turkey,
38,02/10/2023,Ukraine,
39,02/10/2023,United Kingdom,
0,02/11/2023,Albania,
1,02/11/2023,Austria,149.0
2,02/11/2023,Belgium,152.0
3,02/11/2023,Bosnia and Herz.,
4,02/11/2023,Bulgaria,144.0
5,02/11/2023,Croatia,146.0
6,02/11/2023,Cyprus,
7,02/11/2023,Czech Rep.,140.0
8,02/11/2023,Denmark,72.0
9,02/11/2023,Estonia,83.0
10,02/11/2023,Finland,68.0
11,02/11/2023,France,149.0
12,02/11/2023,Georgia,
13,02/11/2023,Germany,106.0
14,02/11/2023,Greece,172.0
15,02/11/2023,Hungary,145.0
16,02/11/2023,Ireland,162.0
17,02/11/2023,Italy,172.0
18,02/11/2023,Kosovo,
19,02/11/2023,Latvia,83.0
20,02/11/2023,Lithuania,83.0
21,02/11/2023,Luxembourg,106.0
22,02/11/2023,Malta,
23,02/11/2023,Moldova,
24,02/11/2023,Montenegro,
25,02/11/2023,Netherlands,138.0
26,02/11/2023,North Macedonia,
27,02/11/2023,Norway,66.0
28,02/11/2023,Poland,114.0
29,02/11/2023,Portugal,132.0
30,02/11/2023,Romania,144.0
31,02/11/2023,Serbia,143.0
32,02/11/2023,Slovakia,143.0
33,02/11/2023,Slovenia,146.0
34,02/11/2023,Spain,132.0
35,02/11/2023,Sweden,45.0
36,02/11/2023,Switzerland,155.0
37,02/11/2023,Turkey,
38,02/11/2023,Ukraine,
39,02/11/2023,United Kingdom,
0,02/12/2023,Albania,
1,02/12/2023,Austria,140.0
2,02/12/2023,Belgium,144.0
3,02/12/2023,Bosnia and Herz.,
4,02/12/2023,Bulgaria,140.0
5,02/12/2023,Croatia,140.0
6,02/12/2023,Cyprus,
7,02/12/2023,Czech Rep.,139.0
8,02/12/2023,Denmark,108.0
9,02/12/2023,Estonia,103.0
10,02/12/2023,Finland,26.0
11,02/12/2023,France,143.0
12,02/12/2023,Georgia,
13,02/12/2023,Germany,136.0
14,02/12/2023,Greece,156.0
15,02/12/2023,Hungary,140.0
16,02/12/2023,Ireland,155.0
17,02/12/2023,Italy,151.0
18,02/12/2023,Kosovo,
19,02/12/2023,Latvia,103.0
20,02/12/2023,Lithuania,103.0
21,02/12/2023,Luxembourg,136.0
22,02/12/2023,Malta,
23,02/12/2023,Moldova,
24,02/12/2023,Montenegro,
25,02/12/2023,Netherlands,142.0
26,02/12/2023,North Macedonia,
27,02/12/2023,Norway,75.0
28,02/12/2023,Poland,137.0
29,02/12/2023,Portugal,138.0
30,02/12/2023,Romania,140.0
31,02/12/2023,Serbia,145.0
32,02/12/2023,Slovakia,140.0
33,02/12/2023,Slovenia,141.0
34,02/12/2023,Spain,138.0
35,02/12/2023,Sweden,26.0
36,02/12/2023,Switzerland,146.0
37,02/12/2023,Turkey,
38,02/12/2023,Ukraine,
39,02/12/2023,United Kingdom,
0,02/13/2023,Albania,
1,02/13/2023,Austria,165.0
2,02/13/2023,Belgium,162.0
3,02/13/2023,Bosnia and Herz.,
4,02/13/2023,Bulgaria,171.0
5,02/13/2023,Croatia,167.0
6,02/13/2023,Cyprus,
7,02/13/2023,Czech Rep.,163.0
8,02/13/2023,Denmark,128.0
9,02/13/2023,Estonia,114.0
10,02/13/2023,Finland,25.0
11,02/13/2023,France,163.0
12,02/13/2023,Georgia,
13,02/13/2023,Germany,163.0
14,02/13/2023,Greece,170.0
15,02/13/2023,Hungary,170.0
16,02/13/2023,Ireland,157.0
17,02/13/2023,Italy,169.0
18,02/13/2023,Kosovo,
19,02/13/2023,Latvia,114.0
20,02/13/2023,Lithuania,114.0
21,02/13/2023,Luxembourg,163.0
22,02/13/2023,Malta,
23,02/13/2023,Moldova,
24,02/13/2023,Montenegro,
25,02/13/2023,Netherlands,158.0
26,02/13/2023,North Macedonia,
27,02/13/2023,Norway,80.0
28,02/13/2023,Poland,147.0
29,02/13/2023,Portugal,147.0
30,02/13/2023,Romania,171.0
31,02/13/2023,Serbia,172.0
32,02/13/2023,Slovakia,166.0
33,02/13/2023,Slovenia,166.0
34,02/13/2023,Spain,147.0
35,02/13/2023,Sweden,41.0
36,02/13/2023,Switzerland,164.0
37,02/13/2023,Turkey,
38,02/13/2023,Ukraine,
39,02/13/2023,United Kingdom,
0,02/14/2023,Albania,
1,02/14/2023,Austria,158.0
2,02/14/2023,Belgium,154.0
3,02/14/2023,Bosnia and Herz.,
4,02/14/2023,Bulgaria,160.0
5,02/14/2023,Croatia,159.0
6,02/14/2023,Cyprus,
7,02/14/2023,Czech Rep.,156.0
8,02/14/2023,Denmark,154.0
9,02/14/2023,Estonia,139.0
10,02/14/2023,Finland,127.0
11,02/14/2023,France,156.0
12,02/14/2023,Georgia,
13,02/14/2023,Germany,154.0
14,02/14/2023,Greece,163.0
15,02/14/2023,Hungary,160.0
16,02/14/2023,Ireland,147.0
17,02/14/2023,Italy,161.0
18,02/14/2023,Kosovo,
19,02/14/2023,Latvia,139.0
20,02/14/2023,Lithuania,142.0
21,02/14/2023,Luxembourg,154.0
22,02/14/2023,Malta,
23,02/14/2023,Moldova,
24,02/14/2023,Montenegro,
25,02/14/2023,Netherlands,152.0
26,02/14/2023,North Macedonia,
27,02/14/2023,Norway,94.0
28,02/14/2023,Poland,162.0
29,02/14/2023,Portugal,143.0
30,02/14/2023,Romania,160.0
31,02/14/2023,Serbia,162.0
32,02/14/2023,Slovakia,160.0
33,02/14/2023,Slovenia,159.0
34,02/14/2023,Spain,143.0
35,02/14/2023,Sweden,90.0
36,02/14/2023,Switzerland,162.0
37,02/14/2023,Turkey,
38,02/14/2023,Ukraine,
39,02/14/2023,United Kingdom,
0,02/15/2023,Albania,
1,02/15/2023,Austria,158.0
2,02/15/2023,Belgium,146.0
3,02/15/2023,Bosnia and Herz.,
4,02/15/2023,Bulgaria,166.0
5,02/15/2023,Croatia,163.0
6,02/15/2023,Cyprus,
7,02/15/2023,Czech Rep.,153.0
8,02/15/2023,Denmark,139.0
9,02/15/2023,Estonia,133.0
10,02/15/2023,Finland,119.0
11,02/15/2023,France,149.0
12,02/15/2023,Georgia,
13,02/15/2023,Germany,144.0
14,02/15/2023,Greece,167.0
15,02/15/2023,Hungary,165.0
16,02/15/2023,Ireland,160.0
17,02/15/2023,Italy,166.0
18,02/15/2023,Kosovo,
19,02/15/2023,Latvia,133.0
20,02/15/2023,Lithuania,134.0
21,02/15/2023,Luxembourg,144.0
22,02/15/2023,Malta,
23,02/15/2023,Moldova,
24,02/15/2023,Montenegro,
25,02/15/2023,Netherlands,138.0
26,02/15/2023,North Macedonia,
27,02/15/2023,Norway,87.0
28,02/15/2023,Poland,164.0
29,02/15/2023,Portugal,145.0
30,02/15/2023,Romania,166.0
31,02/15/2023,Serbia,156.0
32,02/15/2023,Slovakia,165.0
33,02/15/2023,Slovenia,162.0
34,02/15/2023,Spain,145.0
35,02/15/2023,Sweden,96.0
36,02/15/2023,Switzerland,156.0
37,02/15/2023,Turkey,
38,02/15/2023,Ukraine,
39,02/15/2023,United Kingdom,
0,02/16/2023,Albania,
1,02/16/2023,Austria,154.0
2,02/16/2023,Belgium,143.0
3,02/16/2023,Bosnia and Herz.,
4,02/16/2023,Bulgaria,172.0
5,02/16/2023,Croatia,165.0
6,02/16/2023,Cyprus,
7,02/16/2023,Czech Rep.,149.0
8,02/16/2023,Denmark,126.0
9,02/16/2023,Estonia,125.0
10,02/16/2023,Finland,44.0
11,02/16/2023,France,149.0
12,02/16/2023,Georgia,
13,02/16/2023,Germany,137.0
14,02/16/2023,Greece,172.0
15,02/16/2023,Hungary,168.0
16,02/16/2023,Ireland,164.0
17,02/16/2023,Italy,163.0
18,02/16/2023,Kosovo,
19,02/16/2023,Latvia,125.0
20,02/16/2023,Lithuania,125.0
21,02/16/2023,Luxembourg,137.0
22,02/16/2023,Malta,
23,02/16/2023,Moldova,
24,02/16/2023,Montenegro,
25,02/16/2023,Netherlands,134.0
26,02/16/2023,North Macedonia,
27,02/16/2023,Norway,82.0
28,02/16/2023,Poland,148.0
29,02/16/2023,Portugal,145.0
30,02/16/2023,Romania,173.0
31,02/16/2023,Serbia,170.0
32,02/16/2023,Slovakia,170.0
33,02/16/2023,Slovenia,163.0
34,02/16/2023,Spain,146.0
35,02/16/2023,Sweden,58.0
36,02/16/2023,Switzerland,157.0
37,02/16/2023,Turkey,
38,02/16/2023,Ukraine,
39,02/16/2023,United Kingdom,
0,02/17/2023,Albania,
1,02/17/2023,Austria,148.0
2,02/17/2023,Belgium,122.0
3,02/17/2023,Bosnia and Herz.,
4,02/17/2023,Bulgaria,168.0
5,02/17/2023,Croatia,167.0
6,02/17/2023,Cyprus,
7,02/17/2023,Czech Rep.,140.0
8,02/17/2023,Denmark,62.0
9,02/17/2023,Estonia,109.0
10,02/17/2023,Finland,57.0
11,02/17/2023,France,131.0
12,02/17/2023,Georgia,
13,02/17/2023,Germany,81.0
14,02/17/2023,Greece,167.0
15,02/17/2023,Hungary,173.0
16,02/17/2023,Ireland,125.0
17,02/17/2023,Italy,165.0
18,02/17/2023,Kosovo,
19,02/17/2023,Latvia,109.0
20,02/17/2023,Lithuania,109.0
21,02/17/2023,Luxembourg,81.0
22,02/17/2023,Malta,
23,02/17/2023,Moldova,
24,02/17/2023,Montenegro,
25,02/17/2023,Netherlands,105.0
26,02/17/2023,North Macedonia,
27,02/17/2023,Norway,67.0
28,02/17/2023,Poland,136.0
29,02/17/2023,Portugal,134.0
30,02/17/2023,Romania,172.0
31,02/17/2023,Serbia,170.0
32,02/17/2023,Slovakia,174.0
33,02/17/2023,Slovenia,163.0
34,02/17/2023,Spain,134.0
35,02/17/2023,Sweden,43.0
36,02/17/2023,Switzerland,153.0
37,02/17/2023,Turkey,
38,02/17/2023,Ukraine,
39,02/17/2023,United Kingdom,
0,02/18/2023,Albania,
1,02/18/2023,Austria,118.0
2,02/18/2023,Belgium,107.0
3,02/18/2023,Bosnia and Herz.,
4,02/18/2023,Bulgaria,108.0
5,02/18/2023,Croatia,113.0
6,02/18/2023,Cyprus,
7,02/18/2023,Czech Rep.,112.0
8,02/18/2023,Denmark,60.0
9,02/18/2023,Estonia,76.0
10,02/18/2023,Finland,60.0
11,02/18/2023,France,113.0
12,02/18/2023,Georgia,
13,02/18/2023,Germany,95.0
14,02/18/2023,Greece,134.0
15,02/18/2023,Hungary,113.0
16,02/18/2023,Ireland,120.0
17,02/18/2023,Italy,140.0
18,02/18/2023,Kosovo,
19,02/18/2023,Latvia,76.0
20,02/18/2023,Lithuania,76.0
21,02/18/2023,Luxembourg,95.0
22,02/18/2023,Malta,
23,02/18/2023,Moldova,
24,02/18/2023,Montenegro,
25,02/18/2023,Netherlands,101.0
26,02/18/2023,North Macedonia,
27,02/18/2023,Norway,68.0
28,02/18/2023,Poland,97.0
29,02/18/2023,Portugal,129.0
30,02/18/2023,Romania,108.0
31,02/18/2023,Serbia,122.0
32,02/18/2023,Slovakia,113.0
33,02/18/2023,Slovenia,114.0
34,02/18/2023,Spain,129.0
35,02/18/2023,Sweden,32.0
36,02/18/2023,Switzerland,139.0
37,02/18/2023,Turkey,
38,02/18/2023,Ukraine,
39,02/18/2023,United Kingdom,
0,02/19/2023,Albania,
1,02/19/2023,Austria,117.0
2,02/19/2023,Belgium,119.0
3,02/19/2023,Bosnia and Herz.,
4,02/19/2023,Bulgaria,109.0
5,02/19/2023,Croatia,115.0
6,02/19/2023,Cyprus,
7,02/19/2023,Czech Rep.,114.0
8,02/19/2023,Denmark,81.0
9,02/19/2023,Estonia,81.0
10,02/19/2023,Finland,76.0
11,02/19/2023,France,121.0
12,02/19/2023,Georgia,
13,02/19/2023,Germany,114.0
14,02/19/2023,Greece,131.0
15,02/19/2023,Hungary,115.0
16,02/19/2023,Ireland,146.0
17,02/19/2023,Italy,133.0
18,02/19/2023,Kosovo,
19,02/19/2023,Latvia,81.0
20,02/19/2023,Lithuania,81.0
21,02/19/2023,Luxembourg,114.0
22,02/19/2023,Malta,
23,02/19/2023,Moldova,
24,02/19/2023,Montenegro,
25,02/19/2023,Netherlands,117.0
26,02/19/2023,North Macedonia,
27,02/19/2023,Norway,77.0
28,02/19/2023,Poland,105.0
29,02/19/2023,Portugal,124.0
30,02/19/2023,Romania,109.0
31,02/19/2023,Serbia,121.0
32,02/19/2023,Slovakia,114.0
33,02/19/2023,Slovenia,116.0
34,02/19/2023,Spain,124.0
35,02/19/2023,Sweden,53.0
36,02/19/2023,Switzerland,131.0
37,02/19/2023,Turkey,
38,02/19/2023,Ukraine,
39,02/19/2023,United Kingdom,
0,02/20/2023,Albania,
1,02/20/2023,Austria,118.0
2,02/20/2023,Belgium,112.0
3,02/20/2023,Bosnia and Herz.,
4,02/20/2023,Bulgaria,123.0
5,02/20/2023,Croatia,120.0
6,02/20/2023,Cyprus,
7,02/20/2023,Czech Rep.,106.0
8,02/20/2023,Denmark,52.0
9,02/20/2023,Estonia,84.0
10,02/20/2023,Finland,69.0
11,02/20/2023,France,134.0
12,02/20/2023,Georgia,
13,02/20/2023,Germany,61.0
14,02/20/2023,Greece,155.0
15,02/20/2023,Hungary,117.0
16,02/20/2023,Ireland,128.0
17,02/20/2023,Italy,159.0
18,02/20/2023,Kosovo,
19,02/20/2023,Latvia,84.0
20,02/20/2023,Lithuania,84.0
21,02/20/2023,Luxembourg,61.0
22,02/20/2023,Malta,
23,02/20/2023,Moldova,
24,02/20/2023,Montenegro,
25,02/20/2023,Netherlands,97.0
26,02/20/2023,North Macedonia,
27,02/20/2023,Norway,61.0
28,02/20/2023,Poland,97.0
29,02/20/2023,Portugal,134.0
30,02/20/2023,Romania,123.0
31,02/20/2023,Serbia,135.0
32,02/20/2023,Slovakia,117.0
33,02/20/2023,Slovenia,121.0
34,02/20/2023,Spain,134.0
35,02/20/2023,Sweden,45.0
36,02/20/2023,Switzerland,142.0
37,02/20/2023,Turkey,
38,02/20/2023,Ukraine,
39,02/20/2023,United Kingdom,
0,02/21/2023,Albania,
1,02/21/2023,Austria,136.0
2,02/21/2023,Belgium,145.0
3,02/21/2023,Bosnia and Herz.,
4,02/21/2023,Bulgaria,116.0
5,02/21/2023,Croatia,127.0
6,02/21/2023,Cyprus,
7,02/21/2023,Czech Rep.,120.0
8,02/21/2023,Denmark,109.0
9,02/21/2023,Estonia,115.0
10,02/21/2023,Finland,115.0
11,02/21/2023,France,154.0
12,02/21/2023,Georgia,
13,02/21/2023,Germany,122.0
14,02/21/2023,Greece,149.0
15,02/21/2023,Hungary,124.0
16,02/21/2023,Ireland,148.0
17,02/21/2023,Italy,157.0
18,02/21/2023,Kosovo,
19,02/21/2023,Latvia,115.0
20,02/21/2023,Lithuania,115.0
21,02/21/2023,Luxembourg,122.0
22,02/21/2023,Malta,
23,02/21/2023,Moldova,
24,02/21/2023,Montenegro,
25,02/21/2023,Netherlands,138.0
26,02/21/2023,North Macedonia,
27,02/21/2023,Norway,90.0
28,02/21/2023,Poland,114.0
29,02/21/2023,Portugal,151.0
30,02/21/2023,Romania,116.0
31,02/21/2023,Serbia,121.0
32,02/21/2023,Slovakia,122.0
33,02/21/2023,Slovenia,130.0
34,02/21/2023,Spain,151.0
35,02/21/2023,Sweden,103.0
36,02/21/2023,Switzerland,148.0
37,02/21/2023,Turkey,
38,02/21/2023,Ukraine,
39,02/21/2023,United Kingdom,
0,02/22/2023,Albania,
1,02/22/2023,Austria,150.0
2,02/22/2023,Belgium,148.0
3,02/22/2023,Bosnia and Herz.,
4,02/22/2023,Bulgaria,150.0
5,02/22/2023,Croatia,150.0
6,02/22/2023,Cyprus,
7,02/22/2023,Czech Rep.,149.0
8,02/22/2023,Denmark,139.0
9,02/22/2023,Estonia,141.0
10,02/22/2023,Finland,131.0
11,02/22/2023,France,150.0
12,02/22/2023,Georgia,
13,02/22/2023,Germany,149.0
14,02/22/2023,Greece,158.0
15,02/22/2023,Hungary,150.0
16,02/22/2023,Ireland,150.0
17,02/22/2023,Italy,162.0
18,02/22/2023,Kosovo,
19,02/22/2023,Latvia,141.0
20,02/22/2023,Lithuania,141.0
21,02/22/2023,Luxembourg,149.0
22,02/22/2023,Malta,
23,02/22/2023,Moldova,
24,02/22/2023,Montenegro,
25,02/22/2023,Netherlands,145.0
26,02/22/2023,North Macedonia,
27,02/22/2023,Norway,83.0
28,02/22/2023,Poland,153.0
29,02/22/2023,Portugal,144.0
30,02/22/2023,Romania,150.0
31,02/22/2023,Serbia,153.0
32,02/22/2023,Slovakia,151.0
33,02/22/2023,Slovenia,150.0
34,02/22/2023,Spain,144.0
35,02/22/2023,Sweden,84.0
36,02/22/2023,Switzerland,150.0
37,02/22/2023,Turkey,
38,02/22/2023,Ukraine,
39,02/22/2023,United Kingdom,
0,02/23/2023,Albania,
1,02/23/2023,Austria,148.0
2,02/23/2023,Belgium,148.0
3,02/23/2023,Bosnia and Herz.,
4,02/23/2023,Bulgaria,149.0
5,02/23/2023,Croatia,149.0
6,02/23/2023,Cyprus,
7,02/23/2023,Czech Rep.,148.0
8,02/23/2023,Denmark,115.0
9,02/23/2023,Estonia,117.0
10,02/23/2023,Finland,82.0
11,02/23/2023,France,149.0
12,02/23/2023,Georgia,
13,02/23/2023,Germany,146.0
14,02/23/2023,Greece,163.0
15,02/23/2023,Hungary,149.0
16,02/23/2023,Ireland,165.0
17,02/23/2023,Italy,156.0
18,02/23/2023,Kosovo,
19,02/23/2023,Latvia,117.0
20,02/23/2023,Lithuania,117.0
21,02/23/2023,Luxembourg,146.0
22,02/23/2023,Malta,
23,02/23/2023,Moldova,
24,02/23/2023,Montenegro,
25,02/23/2023,Netherlands,142.0
26,02/23/2023,North Macedonia,
27,02/23/2023,Norway,81.0
28,02/23/2023,Poland,149.0
29,02/23/2023,Portugal,140.0
30,02/23/2023,Romania,149.0
31,02/23/2023,Serbia,147.0
32,02/23/2023,Slovakia,149.0
33,02/23/2023,Slovenia,149.0
34,02/23/2023,Spain,141.0
35,02/23/2023,Sweden,66.0
36,02/23/2023,Switzerland,147.0
37,02/23/2023,Turkey,
38,02/23/2023,Ukraine,
39,02/23/2023,United Kingdom,
0,02/24/2023,Albania,
1,02/24/2023,Austria,135.0
2,02/24/2023,Belgium,142.0
3,02/24/2023,Bosnia and Herz.,
4,02/24/2023,Bulgaria,136.0
5,02/24/2023,Croatia,137.0
6,02/24/2023,Cyprus,
7,02/24/2023,Czech Rep.,135.0
8,02/24/2023,Denmark,84.0
9,02/24/2023,Estonia,119.0
10,02/24/2023,Finland,105.0
11,02/24/2023,France,148.0
12,02/24/2023,Georgia,
13,02/24/2023,Germany,118.0
14,02/24/2023,Greece,166.0
15,02/24/2023,Hungary,136.0
16,02/24/2023,Ireland,151.0
17,02/24/2023,Italy,163.0
18,02/24/2023,Kosovo,
19,02/24/2023,Latvia,119.0
20,02/24/2023,Lithuania,119.0
21,02/24/2023,Luxembourg,118.0
22,02/24/2023,Malta,
23,02/24/2023,Moldova,
24,02/24/2023,Montenegro,
25,02/24/2023,Netherlands,127.0
26,02/24/2023,North Macedonia,
27,02/24/2023,Norway,77.0
28,02/24/2023,Poland,145.0
29,02/24/2023,Portugal,148.0
30,02/24/2023,Romania,136.0
31,02/24/2023,Serbia,132.0
32,02/24/2023,Slovakia,136.0
33,02/24/2023,Slovenia,137.0
34,02/24/2023,Spain,148.0
35,02/24/2023,Sweden,63.0
36,02/24/2023,Switzerland,145.0
37,02/24/2023,Turkey,
38,02/24/2023,Ukraine,
39,02/24/2023,United Kingdom,
0,02/25/2023,Albania,
1,02/25/2023,Austria,108.0
2,02/25/2023,Belgium,124.0
3,02/25/2023,Bosnia and Herz.,
4,02/25/2023,Bulgaria,87.0
5,02/25/2023,Croatia,98.0
6,02/25/2023,Cyprus,
7,02/25/2023,Czech Rep.,85.0
8,02/25/2023,Denmark,55.0
9,02/25/2023,Estonia,71.0
10,02/25/2023,Finland,45.0
11,02/25/2023,France,142.0
12,02/25/2023,Georgia,
13,02/25/2023,Germany,89.0
14,02/25/2023,Greece,151.0
15,02/25/2023,Hungary,91.0
16,02/25/2023,Ireland,158.0
17,02/25/2023,Italy,144.0
18,02/25/2023,Kosovo,
19,02/25/2023,Latvia,71.0
20,02/25/2023,Lithuania,71.0
21,02/25/2023,Luxembourg,89.0
22,02/25/2023,Malta,
23,02/25/2023,Moldova,
24,02/25/2023,Montenegro,
25,02/25/2023,Netherlands,107.0
26,02/25/2023,North Macedonia,
27,02/25/2023,Norway,69.0
28,02/25/2023,Poland,117.0
29,02/25/2023,Portugal,143.0
30,02/25/2023,Romania,87.0
31,02/25/2023,Serbia,101.0
32,02/25/2023,Slovakia,88.0
33,02/25/2023,Slovenia,101.0
34,02/25/2023,Spain,143.0
35,02/25/2023,Sweden,30.0
36,02/25/2023,Switzerland,141.0
37,02/25/2023,Turkey,
38,02/25/2023,Ukraine,
39,02/25/2023,United Kingdom,
0,02/26/2023,Albania,
1,02/26/2023,Austria,114.0
2,02/26/2023,Belgium,114.0
3,02/26/2023,Bosnia and Herz.,
4,02/26/2023,Bulgaria,72.0
5,02/26/2023,Croatia,108.0
6,02/26/2023,Cyprus,
7,02/26/2023,Czech Rep.,109.0
8,02/26/2023,Denmark,98.0
9,02/26/2023,Estonia,86.0
10,02/26/2023,Finland,84.0
11,02/26/2023,France,116.0
12,02/26/2023,Georgia,
13,02/26/2023,Germany,110.0
14,02/26/2023,Greece,74.0
15,02/26/2023,Hungary,111.0
16,02/26/2023,Ireland,160.0
17,02/26/2023,Italy,124.0
18,02/26/2023,Kosovo,
19,02/26/2023,Latvia,86.0
20,02/26/2023,Lithuania,86.0
21,02/26/2023,Luxembourg,110.0
22,02/26/2023,Malta,
23,02/26/2023,Moldova,
24,02/26/2023,Montenegro,
25,02/26/2023,Netherlands,113.0
26,02/26/2023,North Macedonia,
27,02/26/2023,Norway,79.0
28,02/26/2023,Poland,117.0
29,02/26/2023,Portugal,106.0
30,02/26/2023,Romania,72.0
31,02/26/2023,Serbia,104.0
32,02/26/2023,Slovakia,110.0
33,02/26/2023,Slovenia,110.0
34,02/26/2023,Spain,81.0
35,02/26/2023,Sweden,58.0
36,02/26/2023,Switzerland,128.0
37,02/26/2023,Turkey,
38,02/26/2023,Ukraine,
39,02/26/2023,United Kingdom,
0,02/27/2023,Albania,
1,02/27/2023,Austria,152.0
2,02/27/2023,Belgium,151.0
3,02/27/2023,Bosnia and Herz.,
4,02/27/2023,Bulgaria,148.0
5,02/27/2023,Croatia,151.0
6,02/27/2023,Cyprus,
7,02/27/2023,Czech Rep.,152.0
8,02/27/2023,Denmark,149.0
9,02/27/2023,Estonia,141.0
10,02/27/2023,Finland,77.0
11,02/27/2023,France,155.0
12,02/27/2023,Georgia,
13,02/27/2023,Germany,152.0
14,02/27/2023,Greece,155.0
15,02/27/2023,Hungary,152.0
16,02/27/2023,Ireland,182.0
17,02/27/2023,Italy,172.0
18,02/27/2023,Kosovo,
19,02/27/2023,Latvia,141.0
20,02/27/2023,Lithuania,143.0
21,02/27/2023,Luxembourg,152.0
22,02/27/2023,Malta,
23,02/27/2023,Moldova,
24,02/27/2023,Montenegro,
25,02/27/2023,Netherlands,141.0
26,02/27/2023,North Macedonia,
27,02/27/2023,Norway,85.0
28,02/27/2023,Poland,153.0
29,02/27/2023,Portugal,118.0
30,02/27/2023,Romania,148.0
31,02/27/2023,Serbia,139.0
32,02/27/2023,Slovakia,152.0
33,02/27/2023,Slovenia,152.0
34,02/27/2023,Spain,118.0
35,02/27/2023,Sweden,70.0
36,02/27/2023,Switzerland,154.0
37,02/27/2023,Turkey,
38,02/27/2023,Ukraine,
39,02/27/2023,United Kingdom,
0,02/28/2023,Albania,
1,02/28/2023,Austria,153.0
2,02/28/2023,Belgium,151.0
3,02/28/2023,Bosnia and Herz.,
4,02/28/2023,Bulgaria,152.0
5,02/28/2023,Croatia,154.0
6,02/28/2023,Cyprus,
7,02/28/2023,Czech Rep.,148.0
8,02/28/2023,Denmark,147.0
9,02/28/2023,Estonia,123.0
10,02/28/2023,Finland,33.0
11,02/28/2023,France,161.0
12,02/28/2023,Georgia,
13,02/28/2023,Germany,148.0
14,02/28/2023,Greece,160.0
15,02/28/2023,Hungary,152.0
16,02/28/2023,Ireland,216.0
17,02/28/2023,Italy,205.0
18,02/28/2023,Kosovo,
19,02/28/2023,Latvia,123.0
20,02/28/2023,Lithuania,128.0
21,02/28/2023,Luxembourg,148.0
22,02/28/2023,Malta,
23,02/28/2023,Moldova,
24,02/28/2023,Montenegro,
25,02/28/2023,Netherlands,144.0
26,02/28/2023,North Macedonia,
27,02/28/2023,Norway,86.0
28,02/28/2023,Poland,151.0
29,02/28/2023,Portugal,133.0
30,02/28/2023,Romania,152.0
31,02/28/2023,Serbia,157.0
32,02/28/2023,Slovakia,151.0
33,02/28/2023,Slovenia,155.0
34,02/28/2023,Spain,133.0
35,02/28/2023,Sweden,57.0
36,02/28/2023,Switzerland,160.0
37,02/28/2023,Turkey,
38,02/28/2023,Ukraine,
39,02/28/2023,United Kingdom,
0,03/01/2023,Albania,
1,03/01/2023,Austria,152.0
2,03/01/2023,Belgium,144.0
3,03/01/2023,Bosnia and Herz.,
4,03/01/2023,Bulgaria,154.0
5,03/01/2023,Croatia,154.0
6,03/01/2023,Cyprus,
7,03/01/2023,Czech Rep.,148.0
8,03/01/2023,Denmark,142.0
9,03/01/2023,Estonia,126.0
10,03/01/2023,Finland,81.0
11,03/01/2023,France,153.0
12,03/01/2023,Georgia,
13,03/01/2023,Germany,143.0
14,03/01/2023,Greece,155.0
15,03/01/2023,Hungary,153.0
16,03/01/2023,Ireland,191.0
17,03/01/2023,Italy,167.0
18,03/01/2023,Kosovo,
19,03/01/2023,Latvia,126.0
20,03/01/2023,Lithuania,130.0
21,03/01/2023,Luxembourg,143.0
22,03/01/2023,Malta,
23,03/01/2023,Moldova,
24,03/01/2023,Montenegro,
25,03/01/2023,Netherlands,137.0
26,03/01/2023,North Macedonia,
27,03/01/2023,Norway,88.0
28,03/01/2023,Poland,152.0
29,03/01/2023,Portugal,146.0
30,03/01/2023,Romania,154.0
31,03/01/2023,Serbia,151.0
32,03/01/2023,Slovakia,153.0
33,03/01/2023,Slovenia,154.0
34,03/01/2023,Spain,146.0
35,03/01/2023,Sweden,66.0
36,03/01/2023,Switzerland,155.0
37,03/01/2023,Turkey,
38,03/01/2023,Ukraine,
39,03/01/2023,United Kingdom,
0,03/02/2023,Albania,
1,03/02/2023,Austria,153.0
2,03/02/2023,Belgium,142.0
3,03/02/2023,Bosnia and Herz.,
4,03/02/2023,Bulgaria,158.0
5,03/02/2023,Croatia,160.0
6,03/02/2023,Cyprus,
7,03/02/2023,Czech Rep.,151.0
8,03/02/2023,Denmark,143.0
9,03/02/2023,Estonia,119.0
10,03/02/2023,Finland,22.0
11,03/02/2023,France,166.0
12,03/02/2023,Georgia,
13,03/02/2023,Germany,144.0
14,03/02/2023,Greece,161.0
15,03/02/2023,Hungary,158.0
16,03/02/2023,Ireland,216.0
17,03/02/2023,Italy,167.0
18,03/02/2023,Kosovo,
19,03/02/2023,Latvia,120.0
20,03/02/2023,Lithuania,122.0
21,03/02/2023,Luxembourg,144.0
22,03/02/2023,Malta,
23,03/02/2023,Moldova,
24,03/02/2023,Montenegro,
25,03/02/2023,Netherlands,135.0
26,03/02/2023,North Macedonia,
27,03/02/2023,Norway,81.0
28,03/02/2023,Poland,157.0
29,03/02/2023,Portugal,142.0
30,03/02/2023,Romania,158.0
31,03/02/2023,Serbia,151.0
32,03/02/2023,Slovakia,157.0
33,03/02/2023,Slovenia,161.0
34,03/02/2023,Spain,142.0
35,03/02/2023,Sweden,47.0
36,03/02/2023,Switzerland,156.0
37,03/02/2023,Turkey,
38,03/02/2023,Ukraine,
39,03/02/2023,United Kingdom,
0,03/03/2023,Albania,
1,03/03/2023,Austria,149.0
2,03/03/2023,Belgium,147.0
3,03/03/2023,Bosnia and Herz.,
4,03/03/2023,Bulgaria,148.0
5,03/03/2023,Croatia,150.0
6,03/03/2023,Cyprus,
7,03/03/2023,Czech Rep.,140.0
8,03/03/2023,Denmark,108.0
9,03/03/2023,Estonia,98.0
10,03/03/2023,Finland,82.0
11,03/03/2023,France,162.0
12,03/03/2023,Georgia,
13,03/03/2023,Germany,137.0
14,03/03/2023,Greece,157.0
15,03/03/2023,Hungary,147.0
16,03/03/2023,Ireland,219.0
17,03/03/2023,Italy,165.0
18,03/03/2023,Kosovo,
19,03/03/2023,Latvia,98.0
20,03/03/2023,Lithuania,98.0
21,03/03/2023,Luxembourg,137.0
22,03/03/2023,Malta,
23,03/03/2023,Moldova,
24,03/03/2023,Montenegro,
25,03/03/2023,Netherlands,135.0
26,03/03/2023,North Macedonia,
27,03/03/2023,Norway,78.0
28,03/03/2023,Poland,137.0
29,03/03/2023,Portugal,143.0
30,03/03/2023,Romania,148.0
31,03/03/2023,Serbia,151.0
32,03/03/2023,Slovakia,146.0
33,03/03/2023,Slovenia,151.0
34,03/03/2023,Spain,143.0
35,03/03/2023,Sweden,43.0
36,03/03/2023,Switzerland,155.0
37,03/03/2023,Turkey,
38,03/03/2023,Ukraine,
39,03/03/2023,United Kingdom,
0,03/04/2023,Albania,
1,03/04/2023,Austria,123.0
2,03/04/2023,Belgium,135.0
3,03/04/2023,Bosnia and Herz.,
4,03/04/2023,Bulgaria,120.0
5,03/04/2023,Croatia,122.0
6,03/04/2023,Cyprus,
7,03/04/2023,Czech Rep.,112.0
8,03/04/2023,Denmark,92.0
9,03/04/2023,Estonia,89.0
10,03/04/2023,Finland,79.0
11,03/04/2023,France,142.0
12,03/04/2023,Georgia,
13,03/04/2023,Germany,107.0
14,03/04/2023,Greece,140.0
15,03/04/2023,Hungary,120.0
16,03/04/2023,Ireland,181.0
17,03/04/2023,Italy,143.0
18,03/04/2023,Kosovo,
19,03/04/2023,Latvia,89.0
20,03/04/2023,Lithuania,89.0
21,03/04/2023,Luxembourg,107.0
22,03/04/2023,Malta,
23,03/04/2023,Moldova,
24,03/04/2023,Montenegro,
25,03/04/2023,Netherlands,124.0
26,03/04/2023,North Macedonia,
27,03/04/2023,Norway,76.0
28,03/04/2023,Poland,105.0
29,03/04/2023,Portugal,139.0
30,03/04/2023,Romania,120.0
31,03/04/2023,Serbia,119.0
32,03/04/2023,Slovakia,119.0
33,03/04/2023,Slovenia,122.0
34,03/04/2023,Spain,139.0
35,03/04/2023,Sweden,50.0
36,03/04/2023,Switzerland,144.0
37,03/04/2023,Turkey,
38,03/04/2023,Ukraine,
39,03/04/2023,United Kingdom,
0,03/05/2023,Albania,
1,03/05/2023,Austria,126.0
2,03/05/2023,Belgium,139.0
3,03/05/2023,Bosnia and Herz.,
4,03/05/2023,Bulgaria,119.0
5,03/05/2023,Croatia,125.0
6,03/05/2023,Cyprus,
7,03/05/2023,Czech Rep.,122.0
8,03/05/2023,Denmark,120.0
9,03/05/2023,Estonia,118.0
10,03/05/2023,Finland,118.0
11,03/05/2023,France,146.0
12,03/05/2023,Georgia,
13,03/05/2023,Germany,122.0
14,03/05/2023,Greece,135.0
15,03/05/2023,Hungary,125.0
16,03/05/2023,Ireland,163.0
17,03/05/2023,Italy,137.0
18,03/05/2023,Kosovo,
19,03/05/2023,Latvia,118.0
20,03/05/2023,Lithuania,119.0
21,03/05/2023,Luxembourg,122.0
22,03/05/2023,Malta,
23,03/05/2023,Moldova,
24,03/05/2023,Montenegro,
25,03/05/2023,Netherlands,122.0
26,03/05/2023,North Macedonia,
27,03/05/2023,Norway,89.0
28,03/05/2023,Poland,119.0
29,03/05/2023,Portugal,144.0
30,03/05/2023,Romania,119.0
31,03/05/2023,Serbia,121.0
32,03/05/2023,Slovakia,124.0
33,03/05/2023,Slovenia,127.0
34,03/05/2023,Spain,144.0
35,03/05/2023,Sweden,82.0
36,03/05/2023,Switzerland,138.0
37,03/05/2023,Turkey,
38,03/05/2023,Ukraine,
39,03/05/2023,United Kingdom,
0,03/06/2023,Albania,
1,03/06/2023,Austria,153.0
2,03/06/2023,Belgium,152.0
3,03/06/2023,Bosnia and Herz.,
4,03/06/2023,Bulgaria,142.0
5,03/06/2023,Croatia,151.0
6,03/06/2023,Cyprus,
7,03/06/2023,Czech Rep.,151.0
8,03/06/2023,Denmark,150.0
9,03/06/2023,Estonia,151.0
10,03/06/2023,Finland,151.0
11,03/06/2023,France,160.0
12,03/06/2023,Georgia,
13,03/06/2023,Germany,151.0
14,03/06/2023,Greece,143.0
15,03/06/2023,Hungary,153.0
16,03/06/2023,Ireland,167.0
17,03/06/2023,Italy,134.0
18,03/06/2023,Kosovo,
19,03/06/2023,Latvia,151.0
20,03/06/2023,Lithuania,151.0
21,03/06/2023,Luxembourg,151.0
22,03/06/2023,Malta,
23,03/06/2023,Moldova,
24,03/06/2023,Montenegro,
25,03/06/2023,Netherlands,141.0
26,03/06/2023,North Macedonia,
27,03/06/2023,Norway,132.0
28,03/06/2023,Poland,150.0
29,03/06/2023,Portugal,148.0
30,03/06/2023,Romania,142.0
31,03/06/2023,Serbia,141.0
32,03/06/2023,Slovakia,152.0
33,03/06/2023,Slovenia,153.0
34,03/06/2023,Spain,148.0
35,03/06/2023,Sweden,136.0
36,03/06/2023,Switzerland,157.0
37,03/06/2023,Turkey,
38,03/06/2023,Ukraine,
39,03/06/2023,United Kingdom,
0,03/07/2023,Albania,
1,03/07/2023,Austria,137.0
2,03/07/2023,Belgium,134.0
3,03/07/2023,Bosnia and Herz.,
4,03/07/2023,Bulgaria,132.0
5,03/07/2023,Croatia,136.0
6,03/07/2023,Cyprus,
7,03/07/2023,Czech Rep.,118.0
8,03/07/2023,Denmark,100.0
9,03/07/2023,Estonia,121.0
10,03/07/2023,Finland,121.0
11,03/07/2023,France,152.0
12,03/07/2023,Georgia,
13,03/07/2023,Germany,107.0
14,03/07/2023,Greece,136.0
15,03/07/2023,Hungary,136.0
16,03/07/2023,Ireland,175.0
17,03/07/2023,Italy,150.0
18,03/07/2023,Kosovo,
19,03/07/2023,Latvia,121.0
20,03/07/2023,Lithuania,121.0
21,03/07/2023,Luxembourg,107.0
22,03/07/2023,Malta,
23,03/07/2023,Moldova,
24,03/07/2023,Montenegro,
25,03/07/2023,Netherlands,123.0
26,03/07/2023,North Macedonia,
27,03/07/2023,Norway,100.0
28,03/07/2023,Poland,123.0
29,03/07/2023,Portugal,121.0
30,03/07/2023,Romania,132.0
31,03/07/2023,Serbia,125.0
32,03/07/2023,Slovakia,132.0
33,03/07/2023,Slovenia,138.0
34,03/07/2023,Spain,121.0
35,03/07/2023,Sweden,95.0
36,03/07/2023,Switzerland,148.0
37,03/07/2023,Turkey,
38,03/07/2023,Ukraine,
39,03/07/2023,United Kingdom,
0,03/08/2023,Albania,
1,03/08/2023,Austria,139.0
2,03/08/2023,Belgium,140.0
3,03/08/2023,Bosnia and Herz.,
4,03/08/2023,Bulgaria,126.0
5,03/08/2023,Croatia,137.0
6,03/08/2023,Cyprus,
7,03/08/2023,Czech Rep.,139.0
8,03/08/2023,Denmark,136.0
9,03/08/2023,Estonia,132.0
10,03/08/2023,Finland,132.0
11,03/08/2023,France,140.0
12,03/08/2023,Georgia,
13,03/08/2023,Germany,139.0
14,03/08/2023,Greece,126.0
15,03/08/2023,Hungary,140.0
16,03/08/2023,Ireland,154.0
17,03/08/2023,Italy,131.0
18,03/08/2023,Kosovo,
19,03/08/2023,Latvia,132.0
20,03/08/2023,Lithuania,132.0
21,03/08/2023,Luxembourg,139.0
22,03/08/2023,Malta,
23,03/08/2023,Moldova,
24,03/08/2023,Montenegro,
25,03/08/2023,Netherlands,139.0
26,03/08/2023,North Macedonia,
27,03/08/2023,Norway,114.0
28,03/08/2023,Poland,139.0
29,03/08/2023,Portugal,99.0
30,03/08/2023,Romania,126.0
31,03/08/2023,Serbia,126.0
32,03/08/2023,Slovakia,139.0
33,03/08/2023,Slovenia,139.0
34,03/08/2023,Spain,99.0
35,03/08/2023,Sweden,102.0
36,03/08/2023,Switzerland,141.0
37,03/08/2023,Turkey,
38,03/08/2023,Ukraine,
39,03/08/2023,United Kingdom,
0,03/09/2023,Albania,
1,03/09/2023,Austria,128.0
2,03/09/2023,Belgium,127.0
3,03/09/2023,Bosnia and Herz.,
4,03/09/2023,Bulgaria,109.0
5,03/09/2023,Croatia,126.0
6,03/09/2023,Cyprus,
7,03/09/2023,Czech Rep.,129.0
8,03/09/2023,Denmark,128.0
9,03/09/2023,Estonia,135.0
10,03/09/2023,Finland,125.0
11,03/09/2023,France,127.0
12,03/09/2023,Georgia,
13,03/09/2023,Germany,127.0
14,03/09/2023,Greece,115.0
15,03/09/2023,Hungary,131.0
16,03/09/2023,Ireland,138.0
17,03/09/2023,Italy,123.0
18,03/09/2023,Kosovo,
19,03/09/2023,Latvia,135.0
20,03/09/2023,Lithuania,135.0
21,03/09/2023,Luxembourg,127.0
22,03/09/2023,Malta,
23,03/09/2023,Moldova,
24,03/09/2023,Montenegro,
25,03/09/2023,Netherlands,127.0
26,03/09/2023,North Macedonia,
27,03/09/2023,Norway,106.0
28,03/09/2023,Poland,140.0
29,03/09/2023,Portugal,
30,03/09/2023,Romania,109.0
31,03/09/2023,Serbia,103.0
32,03/09/2023,Slovakia,131.0
33,03/09/2023,Slovenia,128.0
34,03/09/2023,Spain,74.0
35,03/09/2023,Sweden,98.0
36,03/09/2023,Switzerland,131.0
37,03/09/2023,Turkey,
38,03/09/2023,Ukraine,
39,03/09/2023,United Kingdom,
0,03/10/2023,Albania,
1,03/10/2023,Austria,118.0
2,03/10/2023,Belgium,119.0
3,03/10/2023,Bosnia and Herz.,
4,03/10/2023,Bulgaria,104.0
5,03/10/2023,Croatia,115.0
6,03/10/2023,Cyprus,
7,03/10/2023,Czech Rep.,116.0
8,03/10/2023,Denmark,116.0
9,03/10/2023,Estonia,117.0
10,03/10/2023,Finland,114.0
11,03/10/2023,France,120.0
12,03/10/2023,Georgia,
13,03/10/2023,Germany,116.0
14,03/10/2023,Greece,111.0
15,03/10/2023,Hungary,119.0
16,03/10/2023,Ireland,181.0
17,03/10/2023,Italy,119.0
18,03/10/2023,Kosovo,
19,03/10/2023,Latvia,117.0
20,03/10/2023,Lithuania,117.0
21,03/10/2023,Luxembourg,116.0
22,03/10/2023,Malta,
23,03/10/2023,Moldova,
24,03/10/2023,Montenegro,
25,03/10/2023,Netherlands,116.0
26,03/10/2023,North Macedonia,
27,03/10/2023,Norway,96.0
28,03/10/2023,Poland,137.0
29,03/10/2023,Portugal,43.0
30,03/10/2023,Romania,104.0
31,03/10/2023,Serbia,84.0
32,03/10/2023,Slovakia,119.0
33,03/10/2023,Slovenia,117.0
34,03/10/2023,Spain,43.0
35,03/10/2023,Sweden,89.0
36,03/10/2023,Switzerland,122.0
37,03/10/2023,Turkey,
38,03/10/2023,Ukraine,
39,03/10/2023,United Kingdom,
0,03/11/2023,Albania,
1,03/11/2023,Austria,105.0
2,03/11/2023,Belgium,122.0
3,03/11/2023,Bosnia and Herz.,
4,03/11/2023,Bulgaria,97.0
5,03/11/2023,Croatia,101.0
6,03/11/2023,Cyprus,
7,03/11/2023,Czech Rep.,96.0
8,03/11/2023,Denmark,92.0
9,03/11/2023,Estonia,100.0
10,03/11/2023,Finland,100.0
11,03/11/2023,France,122.0
12,03/11/2023,Georgia,
13,03/11/2023,Germany,99.0
14,03/11/2023,Greece,107.0
15,03/11/2023,Hungary,99.0
16,03/11/2023,Ireland,143.0
17,03/11/2023,Italy,115.0
18,03/11/2023,Kosovo,
19,03/11/2023,Latvia,100.0
20,03/11/2023,Lithuania,100.0
21,03/11/2023,Luxembourg,99.0
22,03/11/2023,Malta,
23,03/11/2023,Moldova,
24,03/11/2023,Montenegro,
25,03/11/2023,Netherlands,113.0
26,03/11/2023,North Macedonia,
27,03/11/2023,Norway,90.0
28,03/11/2023,Poland,110.0
29,03/11/2023,Portugal,30.0
30,03/11/2023,Romania,97.0
31,03/11/2023,Serbia,110.0
32,03/11/2023,Slovakia,98.0
33,03/11/2023,Slovenia,103.0
34,03/11/2023,Spain,30.0
35,03/11/2023,Sweden,84.0
36,03/11/2023,Switzerland,130.0
37,03/11/2023,Turkey,
38,03/11/2023,Ukraine,
39,03/11/2023,United Kingdom,
0,03/12/2023,Albania,
1,03/12/2023,Austria,98.0
2,03/12/2023,Belgium,96.0
3,03/12/2023,Bosnia and Herz.,
4,03/12/2023,Bulgaria,97.0
5,03/12/2023,Croatia,97.0
6,03/12/2023,Cyprus,
7,03/12/2023,Czech Rep.,98.0
8,03/12/2023,Denmark,86.0
9,03/12/2023,Estonia,82.0
10,03/12/2023,Finland,81.0
11,03/12/2023,France,96.0
12,03/12/2023,Georgia,
13,03/12/2023,Germany,96.0
14,03/12/2023,Greece,110.0
15,03/12/2023,Hungary,97.0
16,03/12/2023,Ireland,141.0
17,03/12/2023,Italy,123.0
18,03/12/2023,Kosovo,
19,03/12/2023,Latvia,82.0
20,03/12/2023,Lithuania,82.0
21,03/12/2023,Luxembourg,96.0
22,03/12/2023,Malta,
23,03/12/2023,Moldova,
24,03/12/2023,Montenegro,
25,03/12/2023,Netherlands,95.0
26,03/12/2023,North Macedonia,
27,03/12/2023,Norway,82.0
28,03/12/2023,Poland,93.0
29,03/12/2023,Portugal,81.0
30,03/12/2023,Romania,97.0
31,03/12/2023,Serbia,88.0
32,03/12/2023,Slovakia,97.0
33,03/12/2023,Slovenia,98.0
34,03/12/2023,Spain,81.0
35,03/12/2023,Sweden,66.0
36,03/12/2023,Switzerland,111.0
37,03/12/2023,Turkey,
38,03/12/2023,Ukraine,
39,03/12/2023,United Kingdom,
0,03/13/2023,Albania,
1,03/13/2023,Austria,101.0
2,03/13/2023,Belgium,40.0
3,03/13/2023,Bosnia and Herz.,
4,03/13/2023,Bulgaria,84.0
5,03/13/2023,Croatia,101.0
6,03/13/2023,Cyprus,
7,03/13/2023,Czech Rep.,100.0
8,03/13/2023,Denmark,39.0
9,03/13/2023,Estonia,70.0
10,03/13/2023,Finland,63.0
11,03/13/2023,France,44.0
12,03/13/2023,Georgia,
13,03/13/2023,Germany,37.0
14,03/13/2023,Greece,97.0
15,03/13/2023,Hungary,109.0
16,03/13/2023,Ireland,116.0
17,03/13/2023,Italy,141.0
18,03/13/2023,Kosovo,
19,03/13/2023,Latvia,70.0
20,03/13/2023,Lithuania,70.0
21,03/13/2023,Luxembourg,37.0
22,03/13/2023,Malta,
23,03/13/2023,Moldova,
24,03/13/2023,Montenegro,
25,03/13/2023,Netherlands,42.0
26,03/13/2023,North Macedonia,
27,03/13/2023,Norway,74.0
28,03/13/2023,Poland,113.0
29,03/13/2023,Portugal,38.0
30,03/13/2023,Romania,84.0
31,03/13/2023,Serbia,83.0
32,03/13/2023,Slovakia,107.0
33,03/13/2023,Slovenia,102.0
34,03/13/2023,Spain,37.0
35,03/13/2023,Sweden,39.0
36,03/13/2023,Switzerland,124.0
37,03/13/2023,Turkey,
38,03/13/2023,Ukraine,
39,03/13/2023,United Kingdom,
0,03/14/2023,Albania,
1,03/14/2023,Austria,92.0
2,03/14/2023,Belgium,82.0
3,03/14/2023,Bosnia and Herz.,
4,03/14/2023,Bulgaria,84.0
5,03/14/2023,Croatia,86.0
6,03/14/2023,Cyprus,
7,03/14/2023,Czech Rep.,88.0
8,03/14/2023,Denmark,60.0
9,03/14/2023,Estonia,77.0
10,03/14/2023,Finland,76.0
11,03/14/2023,France,81.0
12,03/14/2023,Georgia,
13,03/14/2023,Germany,71.0
14,03/14/2023,Greece,90.0
15,03/14/2023,Hungary,90.0
16,03/14/2023,Ireland,167.0
17,03/14/2023,Italy,107.0
18,03/14/2023,Kosovo,
19,03/14/2023,Latvia,77.0
20,03/14/2023,Lithuania,77.0
21,03/14/2023,Luxembourg,71.0
22,03/14/2023,Malta,
23,03/14/2023,Moldova,
24,03/14/2023,Montenegro,
25,03/14/2023,Netherlands,81.0
26,03/14/2023,North Macedonia,
27,03/14/2023,Norway,80.0
28,03/14/2023,Poland,96.0
29,03/14/2023,Portugal,64.0
30,03/14/2023,Romania,84.0
31,03/14/2023,Serbia,81.0
32,03/14/2023,Slovakia,89.0
33,03/14/2023,Slovenia,90.0
34,03/14/2023,Spain,62.0
35,03/14/2023,Sweden,56.0
36,03/14/2023,Switzerland,132.0
37,03/14/2023,Turkey,
38,03/14/2023,Ukraine,
39,03/14/2023,United Kingdom,
0,03/15/2023,Albania,
1,03/15/2023,Austria,130.0
2,03/15/2023,Belgium,144.0
3,03/15/2023,Bosnia and Herz.,
4,03/15/2023,Bulgaria,126.0
5,03/15/2023,Croatia,122.0
6,03/15/2023,Cyprus,
7,03/15/2023,Czech Rep.,127.0
8,03/15/2023,Denmark,97.0
9,03/15/2023,Estonia,112.0
10,03/15/2023,Finland,104.0
11,03/15/2023,France,145.0
12,03/15/2023,Georgia,
13,03/15/2023,Germany,128.0
14,03/15/2023,Greece,132.0
15,03/15/2023,Hungary,127.0
16,03/15/2023,Ireland,159.0
17,03/15/2023,Italy,116.0
18,03/15/2023,Kosovo,
19,03/15/2023,Latvia,112.0
20,03/15/2023,Lithuania,112.0
21,03/15/2023,Luxembourg,128.0
22,03/15/2023,Malta,
23,03/15/2023,Moldova,
24,03/15/2023,Montenegro,
25,03/15/2023,Netherlands,132.0
26,03/15/2023,North Macedonia,
27,03/15/2023,Norway,89.0
28,03/15/2023,Poland,126.0
29,03/15/2023,Portugal,133.0
30,03/15/2023,Romania,126.0
31,03/15/2023,Serbia,110.0
32,03/15/2023,Slovakia,127.0
33,03/15/2023,Slovenia,135.0
34,03/15/2023,Spain,133.0
35,03/15/2023,Sweden,70.0
36,03/15/2023,Switzerland,135.0
37,03/15/2023,Turkey,
38,03/15/2023,Ukraine,
39,03/15/2023,United Kingdom,
0,03/16/2023,Albania,
1,03/16/2023,Austria,110.0
2,03/16/2023,Belgium,108.0
3,03/16/2023,Bosnia and Herz.,
4,03/16/2023,Bulgaria,112.0
5,03/16/2023,Croatia,111.0
6,03/16/2023,Cyprus,
7,03/16/2023,Czech Rep.,109.0
8,03/16/2023,Denmark,95.0
9,03/16/2023,Estonia,95.0
10,03/16/2023,Finland,85.0
11,03/16/2023,France,107.0
12,03/16/2023,Georgia,
13,03/16/2023,Germany,106.0
14,03/16/2023,Greece,117.0
15,03/16/2023,Hungary,112.0
16,03/16/2023,Ireland,
17,03/16/2023,Italy,109.0
18,03/16/2023,Kosovo,
19,03/16/2023,Latvia,101.0
20,03/16/2023,Lithuania,101.0
21,03/16/2023,Luxembourg,106.0
22,03/16/2023,Malta,
23,03/16/2023,Moldova,
24,03/16/2023,Montenegro,
25,03/16/2023,Netherlands,105.0
26,03/16/2023,North Macedonia,
27,03/16/2023,Norway,85.0
28,03/16/2023,Poland,129.0
29,03/16/2023,Portugal,88.0
30,03/16/2023,Romania,112.0
31,03/16/2023,Serbia,109.0
32,03/16/2023,Slovakia,113.0
33,03/16/2023,Slovenia,110.0
34,03/16/2023,Spain,88.0
35,03/16/2023,Sweden,70.0
36,03/16/2023,Switzerland,123.0
37,03/16/2023,Turkey,
38,03/16/2023,Ukraine,
39,03/16/2023,United Kingdom,
0,03/17/2023,Albania,
1,03/17/2023,Austria,95.0
2,03/17/2023,Belgium,105.0
3,03/17/2023,Bosnia and Herz.,
4,03/17/2023,Bulgaria,92.0
5,03/17/2023,Croatia,86.0
6,03/17/2023,Cyprus,
7,03/17/2023,Czech Rep.,94.0
8,03/17/2023,Denmark,62.0
9,03/17/2023,Estonia,68.0
10,03/17/2023,Finland,36.0
11,03/17/2023,France,102.0
12,03/17/2023,Georgia,
13,03/17/2023,Germany,92.0
14,03/17/2023,Greece,106.0
15,03/17/2023,Hungary,93.0
16,03/17/2023,Ireland,140.0
17,03/17/2023,Italy,115.0
18,03/17/2023,Kosovo,
19,03/17/2023,Latvia,68.0
20,03/17/2023,Lithuania,68.0
21,03/17/2023,Luxembourg,92.0
22,03/17/2023,Malta,
23,03/17/2023,Moldova,
24,03/17/2023,Montenegro,
25,03/17/2023,Netherlands,109.0
26,03/17/2023,North Macedonia,
27,03/17/2023,Norway,71.0
28,03/17/2023,Poland,103.0
29,03/17/2023,Portugal,70.0
30,03/17/2023,Romania,92.0
31,03/17/2023,Serbia,96.0
32,03/17/2023,Slovakia,94.0
33,03/17/2023,Slovenia,101.0
34,03/17/2023,Spain,70.0
35,03/17/2023,Sweden,30.0
36,03/17/2023,Switzerland,111.0
37,03/17/2023,Turkey,
38,03/17/2023,Ukraine,
39,03/17/2023,United Kingdom,
0,03/18/2023,Albania,
1,03/18/2023,Austria,109.0
2,03/18/2023,Belgium,110.0
3,03/18/2023,Bosnia and Herz.,
4,03/18/2023,Bulgaria,109.0
5,03/18/2023,Croatia,109.0
6,03/18/2023,Cyprus,
7,03/18/2023,Czech Rep.,109.0
8,03/18/2023,Denmark,104.0
9,03/18/2023,Estonia,30.0
10,03/18/2023,Finland,22.0
11,03/18/2023,France,110.0
12,03/18/2023,Georgia,
13,03/18/2023,Germany,109.0
14,03/18/2023,Greece,114.0
15,03/18/2023,Hungary,109.0
16,03/18/2023,Ireland,152.0
17,03/18/2023,Italy,133.0
18,03/18/2023,Kosovo,
19,03/18/2023,Latvia,30.0
20,03/18/2023,Lithuania,30.0
21,03/18/2023,Luxembourg,109.0
22,03/18/2023,Malta,
23,03/18/2023,Moldova,
24,03/18/2023,Montenegro,
25,03/18/2023,Netherlands,111.0
26,03/18/2023,North Macedonia,
27,03/18/2023,Norway,73.0
28,03/18/2023,Poland,110.0
29,03/18/2023,Portugal,102.0
30,03/18/2023,Romania,109.0
31,03/18/2023,Serbia,100.0
32,03/18/2023,Slovakia,109.0
33,03/18/2023,Slovenia,109.0
34,03/18/2023,Spain,102.0
35,03/18/2023,Sweden,28.0
36,03/18/2023,Switzerland,100.0
37,03/18/2023,Turkey,
38,03/18/2023,Ukraine,
39,03/18/2023,United Kingdom,
0,03/19/2023,Albania,
1,03/19/2023,Austria,112.0
2,03/19/2023,Belgium,112.0
3,03/19/2023,Bosnia and Herz.,
4,03/19/2023,Bulgaria,112.0
5,03/19/2023,Croatia,112.0
6,03/19/2023,Cyprus,
7,03/19/2023,Czech Rep.,112.0
8,03/19/2023,Denmark,112.0
9,03/19/2023,Estonia,66.0
10,03/19/2023,Finland,53.0
11,03/19/2023,France,112.0
12,03/19/2023,Georgia,
13,03/19/2023,Germany,112.0
14,03/19/2023,Greece,123.0
15,03/19/2023,Hungary,112.0
16,03/19/2023,Ireland,132.0
17,03/19/2023,Italy,124.0
18,03/19/2023,Kosovo,
19,03/19/2023,Latvia,66.0
20,03/19/2023,Lithuania,66.0
21,03/19/2023,Luxembourg,112.0
22,03/19/2023,Malta,
23,03/19/2023,Moldova,
24,03/19/2023,Montenegro,
25,03/19/2023,Netherlands,112.0
26,03/19/2023,North Macedonia,
27,03/19/2023,Norway,75.0
28,03/19/2023,Poland,113.0
29,03/19/2023,Portugal,96.0
30,03/19/2023,Romania,112.0
31,03/19/2023,Serbia,107.0
32,03/19/2023,Slovakia,112.0
33,03/19/2023,Slovenia,112.0
34,03/19/2023,Spain,96.0
35,03/19/2023,Sweden,50.0
36,03/19/2023,Switzerland,113.0
37,03/19/2023,Turkey,
38,03/19/2023,Ukraine,
39,03/19/2023,United Kingdom,
0,03/20/2023,Albania,
1,03/20/2023,Austria,126.0
2,03/20/2023,Belgium,125.0
3,03/20/2023,Bosnia and Herz.,
4,03/20/2023,Bulgaria,126.0
5,03/20/2023,Croatia,126.0
6,03/20/2023,Cyprus,
7,03/20/2023,Czech Rep.,126.0
8,03/20/2023,Denmark,120.0
9,03/20/2023,Estonia,97.0
10,03/20/2023,Finland,80.0
11,03/20/2023,France,125.0
12,03/20/2023,Georgia,
13,03/20/2023,Germany,125.0
14,03/20/2023,Greece,146.0
15,03/20/2023,Hungary,126.0
16,03/20/2023,Ireland,129.0
17,03/20/2023,Italy,137.0
18,03/20/2023,Kosovo,
19,03/20/2023,Latvia,97.0
20,03/20/2023,Lithuania,97.0
21,03/20/2023,Luxembourg,125.0
22,03/20/2023,Malta,
23,03/20/2023,Moldova,
24,03/20/2023,Montenegro,
25,03/20/2023,Netherlands,125.0
26,03/20/2023,North Macedonia,
27,03/20/2023,Norway,81.0
28,03/20/2023,Poland,132.0
29,03/20/2023,Portugal,122.0
30,03/20/2023,Romania,126.0
31,03/20/2023,Serbia,122.0
32,03/20/2023,Slovakia,126.0
33,03/20/2023,Slovenia,126.0
34,03/20/2023,Spain,122.0
35,03/20/2023,Sweden,66.0
36,03/20/2023,Switzerland,125.0
37,03/20/2023,Turkey,
38,03/20/2023,Ukraine,
39,03/20/2023,United Kingdom,
0,03/21/2023,Albania,
1,03/21/2023,Austria,120.0
2,03/21/2023,Belgium,117.0
3,03/21/2023,Bosnia and Herz.,
4,03/21/2023,Bulgaria,123.0
5,03/21/2023,Croatia,122.0
6,03/21/2023,Cyprus,
7,03/21/2023,Czech Rep.,119.0
8,03/21/2023,Denmark,106.0
9,03/21/2023,Estonia,89.0
10,03/21/2023,Finland,49.0
11,03/21/2023,France,117.0
12,03/21/2023,Georgia,
13,03/21/2023,Germany,115.0
14,03/21/2023,Greece,134.0
15,03/21/2023,Hungary,123.0
16,03/21/2023,Ireland,117.0
17,03/21/2023,Italy,134.0
18,03/21/2023,Kosovo,
19,03/21/2023,Latvia,100.0
20,03/21/2023,Lithuania,100.0
21,03/21/2023,Luxembourg,115.0
22,03/21/2023,Malta,
23,03/21/2023,Moldova,
24,03/21/2023,Montenegro,
25,03/21/2023,Netherlands,114.0
26,03/21/2023,North Macedonia,
27,03/21/2023,Norway,79.0
28,03/21/2023,Poland,136.0
29,03/21/2023,Portugal,119.0
30,03/21/2023,Romania,123.0
31,03/21/2023,Serbia,119.0
32,03/21/2023,Slovakia,124.0
33,03/21/2023,Slovenia,121.0
34,03/21/2023,Spain,119.0
35,03/21/2023,Sweden,63.0
36,03/21/2023,Switzerland,121.0
37,03/21/2023,Turkey,
38,03/21/2023,Ukraine,
39,03/21/2023,United Kingdom,
0,03/22/2023,Albania,
1,03/22/2023,Austria,107.0
2,03/22/2023,Belgium,90.0
3,03/22/2023,Bosnia and Herz.,
4,03/22/2023,Bulgaria,125.0
5,03/22/2023,Croatia,110.0
6,03/22/2023,Cyprus,
7,03/22/2023,Czech Rep.,105.0
8,03/22/2023,Denmark,58.0
9,03/22/2023,Estonia,44.0
10,03/22/2023,Finland,44.0
11,03/22/2023,France,89.0
12,03/22/2023,Georgia,
13,03/22/2023,Germany,80.0
14,03/22/2023,Greece,130.0
15,03/22/2023,Hungary,110.0
16,03/22/2023,Ireland,95.0
17,03/22/2023,Italy,133.0
18,03/22/2023,Kosovo,
19,03/22/2023,Latvia,44.0
20,03/22/2023,Lithuania,44.0
21,03/22/2023,Luxembourg,80.0
22,03/22/2023,Malta,
23,03/22/2023,Moldova,
24,03/22/2023,Montenegro,
25,03/22/2023,Netherlands,89.0
26,03/22/2023,North Macedonia,
27,03/22/2023,Norway,67.0
28,03/22/2023,Poland,118.0
29,03/22/2023,Portugal,101.0
30,03/22/2023,Romania,125.0
31,03/22/2023,Serbia,108.0
32,03/22/2023,Slovakia,109.0
33,03/22/2023,Slovenia,108.0
34,03/22/2023,Spain,101.0
35,03/22/2023,Sweden,43.0
36,03/22/2023,Switzerland,111.0
37,03/22/2023,Turkey,
38,03/22/2023,Ukraine,
39,03/22/2023,United Kingdom,
0,03/23/2023,Albania,
1,03/23/2023,Austria,104.0
2,03/23/2023,Belgium,79.0
3,03/23/2023,Bosnia and Herz.,
4,03/23/2023,Bulgaria,115.0
5,03/23/2023,Croatia,108.0
6,03/23/2023,Cyprus,
7,03/23/2023,Czech Rep.,113.0
8,03/23/2023,Denmark,54.0
9,03/23/2023,Estonia,35.0
10,03/23/2023,Finland,35.0
11,03/23/2023,France,81.0
12,03/23/2023,Georgia,
13,03/23/2023,Germany,75.0
14,03/23/2023,Greece,131.0
15,03/23/2023,Hungary,110.0
16,03/23/2023,Ireland,111.0
17,03/23/2023,Italy,141.0
18,03/23/2023,Kosovo,
19,03/23/2023,Latvia,35.0
20,03/23/2023,Lithuania,35.0
21,03/23/2023,Luxembourg,75.0
22,03/23/2023,Malta,
23,03/23/2023,Moldova,
24,03/23/2023,Montenegro,
25,03/23/2023,Netherlands,75.0
26,03/23/2023,North Macedonia,
27,03/23/2023,Norway,63.0
28,03/23/2023,Poland,111.0
29,03/23/2023,Portugal,84.0
30,03/23/2023,Romania,115.0
31,03/23/2023,Serbia,105.0
32,03/23/2023,Slovakia,111.0
33,03/23/2023,Slovenia,106.0
34,03/23/2023,Spain,84.0
35,03/23/2023,Sweden,34.0
36,03/23/2023,Switzerland,111.0
37,03/23/2023,Turkey,
38,03/23/2023,Ukraine,
39,03/23/2023,United Kingdom,
0,03/24/2023,Albania,
1,03/24/2023,Austria,88.0
2,03/24/2023,Belgium,56.0
3,03/24/2023,Bosnia and Herz.,
4,03/24/2023,Bulgaria,92.0
5,03/24/2023,Croatia,86.0
6,03/24/2023,Cyprus,
7,03/24/2023,Czech Rep.,87.0
8,03/24/2023,Denmark,46.0
9,03/24/2023,Estonia,40.0
10,03/24/2023,Finland,40.0
11,03/24/2023,France,57.0
12,03/24/2023,Georgia,
13,03/24/2023,Germany,53.0
14,03/24/2023,Greece,118.0
15,03/24/2023,Hungary,88.0
16,03/24/2023,Ireland,103.0
17,03/24/2023,Italy,129.0
18,03/24/2023,Kosovo,
19,03/24/2023,Latvia,40.0
20,03/24/2023,Lithuania,40.0
21,03/24/2023,Luxembourg,53.0
22,03/24/2023,Malta,
23,03/24/2023,Moldova,
24,03/24/2023,Montenegro,
25,03/24/2023,Netherlands,50.0
26,03/24/2023,North Macedonia,
27,03/24/2023,Norway,64.0
28,03/24/2023,Poland,107.0
29,03/24/2023,Portugal,61.0
30,03/24/2023,Romania,92.0
31,03/24/2023,Serbia,89.0
32,03/24/2023,Slovakia,87.0
33,03/24/2023,Slovenia,86.0
34,03/24/2023,Spain,59.0
35,03/24/2023,Sweden,40.0
36,03/24/2023,Switzerland,112.0
37,03/24/2023,Turkey,
38,03/24/2023,Ukraine,
39,03/24/2023,United Kingdom,
0,03/25/2023,Albania,
1,03/25/2023,Austria,30.0
2,03/25/2023,Belgium,19.0
3,03/25/2023,Bosnia and Herz.,
4,03/25/2023,Bulgaria,27.0
5,03/25/2023,Croatia,29.0
6,03/25/2023,Cyprus,
7,03/25/2023,Czech Rep.,32.0
8,03/25/2023,Denmark,23.0
9,03/25/2023,Estonia,
10,03/25/2023,Finland,28.0
11,03/25/2023,France,26.0
12,03/25/2023,Georgia,
13,03/25/2023,Germany,15.0
14,03/25/2023,Greece,128.0
15,03/25/2023,Hungary,30.0
16,03/25/2023,Ireland,111.0
17,03/25/2023,Italy,100.0
18,03/25/2023,Kosovo,
19,03/25/2023,Latvia,
20,03/25/2023,Lithuania,
21,03/25/2023,Luxembourg,15.0
22,03/25/2023,Malta,
23,03/25/2023,Moldova,
24,03/25/2023,Montenegro,
25,03/25/2023,Netherlands,23.0
26,03/25/2023,North Macedonia,
27,03/25/2023,Norway,57.0
28,03/25/2023,Poland,107.0
29,03/25/2023,Portugal,42.0
30,03/25/2023,Romania,27.0
31,03/25/2023,Serbia,50.0
32,03/25/2023,Slovakia,31.0
33,03/25/2023,Slovenia,29.0
34,03/25/2023,Spain,39.0
35,03/25/2023,Sweden,28.0
36,03/25/2023,Switzerland,81.0
37,03/25/2023,Turkey,
38,03/25/2023,Ukraine,
39,03/25/2023,United Kingdom,
0,03/26/2023,Albania,
1,03/26/2023,Austria,74.0
2,03/26/2023,Belgium,80.0
3,03/26/2023,Bosnia and Herz.,
4,03/26/2023,Bulgaria,48.0
5,03/26/2023,Croatia,62.0
6,03/26/2023,Cyprus,
7,03/26/2023,Czech Rep.,67.0
8,03/26/2023,Denmark,61.0
9,03/26/2023,Estonia,49.0
10,03/26/2023,Finland,46.0
11,03/26/2023,France,72.0
12,03/26/2023,Georgia,
13,03/26/2023,Germany,71.0
14,03/26/2023,Greece,112.0
15,03/26/2023,Hungary,67.0
16,03/26/2023,Ireland,130.0
17,03/26/2023,Italy,105.0
18,03/26/2023,Kosovo,
19,03/26/2023,Latvia,49.0
20,03/26/2023,Lithuania,49.0
21,03/26/2023,Luxembourg,71.0
22,03/26/2023,Malta,
23,03/26/2023,Moldova,
24,03/26/2023,Montenegro,
25,03/26/2023,Netherlands,81.0
26,03/26/2023,North Macedonia,
27,03/26/2023,Norway,68.0
28,03/26/2023,Poland,72.0
29,03/26/2023,Portugal,28.0
30,03/26/2023,Romania,48.0
31,03/26/2023,Serbia,68.0
32,03/26/2023,Slovakia,67.0
33,03/26/2023,Slovenia,68.0
34,03/26/2023,Spain,28.0
35,03/26/2023,Sweden,47.0
36,03/26/2023,Switzerland,95.0
37,03/26/2023,Turkey,
38,03/26/2023,Ukraine,
39,03/26/2023,United Kingdom,
0,03/27/2023,Albania,
1,03/27/2023,Austria,99.0
2,03/27/2023,Belgium,124.0
3,03/27/2023,Bosnia and Herz.,
4,03/27/2023,Bulgaria,75.0
5,03/27/2023,Croatia,95.0
6,03/27/2023,Cyprus,
7,03/27/2023,Czech Rep.,95.0
8,03/27/2023,Denmark,82.0
9,03/27/2023,Estonia,67.0
10,03/27/2023,Finland,56.0
11,03/27/2023,France,119.0
12,03/27/2023,Georgia,
13,03/27/2023,Germany,92.0
14,03/27/2023,Greece,90.0
15,03/27/2023,Hungary,97.0
16,03/27/2023,Ireland,133.0
17,03/27/2023,Italy,107.0
18,03/27/2023,Kosovo,
19,03/27/2023,Latvia,67.0
20,03/27/2023,Lithuania,67.0
21,03/27/2023,Luxembourg,92.0
22,03/27/2023,Malta,
23,03/27/2023,Moldova,
24,03/27/2023,Montenegro,
25,03/27/2023,Netherlands,81.0
26,03/27/2023,North Macedonia,
27,03/27/2023,Norway,80.0
28,03/27/2023,Poland,114.0
29,03/27/2023,Portugal,103.0
30,03/27/2023,Romania,75.0
31,03/27/2023,Serbia,66.0
32,03/27/2023,Slovakia,96.0
33,03/27/2023,Slovenia,98.0
34,03/27/2023,Spain,103.0
35,03/27/2023,Sweden,60.0
36,03/27/2023,Switzerland,113.0
37,03/27/2023,Turkey,
38,03/27/2023,Ukraine,
39,03/27/2023,United Kingdom,
0,03/28/2023,Albania,
1,03/28/2023,Austria,113.0
2,03/28/2023,Belgium,126.0
3,03/28/2023,Bosnia and Herz.,
4,03/28/2023,Bulgaria,81.0
5,03/28/2023,Croatia,103.0
6,03/28/2023,Cyprus,
7,03/28/2023,Czech Rep.,108.0
8,03/28/2023,Denmark,103.0
9,03/28/2023,Estonia,78.0
10,03/28/2023,Finland,43.0
11,03/28/2023,France,124.0
12,03/28/2023,Georgia,
13,03/28/2023,Germany,113.0
14,03/28/2023,Greece,81.0
15,03/28/2023,Hungary,107.0
16,03/28/2023,Ireland,120.0
17,03/28/2023,Italy,107.0
18,03/28/2023,Kosovo,
19,03/28/2023,Latvia,78.0
20,03/28/2023,Lithuania,85.0
21,03/28/2023,Luxembourg,113.0
22,03/28/2023,Malta,
23,03/28/2023,Moldova,
24,03/28/2023,Montenegro,
25,03/28/2023,Netherlands,114.0
26,03/28/2023,North Macedonia,
27,03/28/2023,Norway,91.0
28,03/28/2023,Poland,110.0
29,03/28/2023,Portugal,112.0
30,03/28/2023,Romania,81.0
31,03/28/2023,Serbia,88.0
32,03/28/2023,Slovakia,107.0
33,03/28/2023,Slovenia,109.0
34,03/28/2023,Spain,112.0
35,03/28/2023,Sweden,62.0
36,03/28/2023,Switzerland,124.0
37,03/28/2023,Turkey,
38,03/28/2023,Ukraine,
39,03/28/2023,United Kingdom,
0,03/29/2023,Albania,
1,03/29/2023,Austria,117.0
2,03/29/2023,Belgium,116.0
3,03/29/2023,Bosnia and Herz.,
4,03/29/2023,Bulgaria,116.0
5,03/29/2023,Croatia,117.0
6,03/29/2023,Cyprus,
7,03/29/2023,Czech Rep.,117.0
8,03/29/2023,Denmark,116.0
9,03/29/2023,Estonia,106.0
10,03/29/2023,Finland,103.0
11,03/29/2023,France,115.0
12,03/29/2023,Georgia,
13,03/29/2023,Germany,117.0
14,03/29/2023,Greece,116.0
15,03/29/2023,Hungary,117.0
16,03/29/2023,Ireland,117.0
17,03/29/2023,Italy,132.0
18,03/29/2023,Kosovo,
19,03/29/2023,Latvia,106.0
20,03/29/2023,Lithuania,115.0
21,03/29/2023,Luxembourg,117.0
22,03/29/2023,Malta,
23,03/29/2023,Moldova,
24,03/29/2023,Montenegro,
25,03/29/2023,Netherlands,116.0
26,03/29/2023,North Macedonia,
27,03/29/2023,Norway,100.0
28,03/29/2023,Poland,125.0
29,03/29/2023,Portugal,69.0
30,03/29/2023,Romania,116.0
31,03/29/2023,Serbia,113.0
32,03/29/2023,Slovakia,117.0
33,03/29/2023,Slovenia,117.0
34,03/29/2023,Spain,69.0
35,03/29/2023,Sweden,92.0
36,03/29/2023,Switzerland,119.0
37,03/29/2023,Turkey,
38,03/29/2023,Ukraine,
39,03/29/2023,United Kingdom,
0,03/30/2023,Albania,
1,03/30/2023,Austria,104.0
2,03/30/2023,Belgium,82.0
3,03/30/2023,Bosnia and Herz.,
4,03/30/2023,Bulgaria,109.0
5,03/30/2023,Croatia,105.0
6,03/30/2023,Cyprus,
7,03/30/2023,Czech Rep.,105.0
8,03/30/2023,Denmark,83.0
9,03/30/2023,Estonia,83.0
10,03/30/2023,Finland,73.0
11,03/30/2023,France,83.0
12,03/30/2023,Georgia,
13,03/30/2023,Germany,81.0
14,03/30/2023,Greece,127.0
15,03/30/2023,Hungary,107.0
16,03/30/2023,Ireland,128.0
17,03/30/2023,Italy,153.0
18,03/30/2023,Kosovo,
19,03/30/2023,Latvia,83.0
20,03/30/2023,Lithuania,86.0
21,03/30/2023,Luxembourg,81.0
22,03/30/2023,Malta,
23,03/30/2023,Moldova,
24,03/30/2023,Montenegro,
25,03/30/2023,Netherlands,81.0
26,03/30/2023,North Macedonia,
27,03/30/2023,Norway,79.0
28,03/30/2023,Poland,122.0
29,03/30/2023,Portugal,31.0
30,03/30/2023,Romania,109.0
31,03/30/2023,Serbia,104.0
32,03/30/2023,Slovakia,106.0
33,03/30/2023,Slovenia,104.0
34,03/30/2023,Spain,31.0
35,03/30/2023,Sweden,73.0
36,03/30/2023,Switzerland,112.0
37,03/30/2023,Turkey,
38,03/30/2023,Ukraine,
39,03/30/2023,United Kingdom,
0,03/31/2023,Albania,
1,03/31/2023,Austria,100.0
2,03/31/2023,Belgium,84.0
3,03/31/2023,Bosnia and Herz.,
4,03/31/2023,Bulgaria,100.0
5,03/31/2023,Croatia,97.0
6,03/31/2023,Cyprus,
7,03/31/2023,Czech Rep.,99.0
8,03/31/2023,Denmark,91.0
9,03/31/2023,Estonia,80.0
10,03/31/2023,Finland,56.0
11,03/31/2023,France,74.0
12,03/31/2023,Georgia,
13,03/31/2023,Germany,98.0
14,03/31/2023,Greece,117.0
15,03/31/2023,Hungary,100.0
16,03/31/2023,Ireland,136.0
17,03/31/2023,Italy,126.0
18,03/31/2023,Kosovo,
19,03/31/2023,Latvia,80.0
20,03/31/2023,Lithuania,82.0
21,03/31/2023,Luxembourg,98.0
22,03/31/2023,Malta,
23,03/31/2023,Moldova,
24,03/31/2023,Montenegro,
25,03/31/2023,Netherlands,91.0
26,03/31/2023,North Macedonia,
27,03/31/2023,Norway,82.0
28,03/31/2023,Poland,127.0
29,03/31/2023,Portugal,17.0
30,03/31/2023,Romania,100.0
31,03/31/2023,Serbia,94.0
32,03/31/2023,Slovakia,100.0
33,03/31/2023,Slovenia,101.0
34,03/31/2023,Spain,17.0
35,03/31/2023,Sweden,58.0
36,03/31/2023,Switzerland,109.0
37,03/31/2023,Turkey,
38,03/31/2023,Ukraine,
39,03/31/2023,United Kingdom,
0,04/01/2023,Albania,
1,04/01/2023,Austria,57.0
2,04/01/2023,Belgium,62.0
3,04/01/2023,Bosnia and Herz.,
4,04/01/2023,Bulgaria,61.0
5,04/01/2023,Croatia,60.0
6,04/01/2023,Cyprus,
7,04/01/2023,Czech Rep.,56.0
8,04/01/2023,Denmark,49.0
9,04/01/2023,Estonia,42.0
10,04/01/2023,Finland,42.0
11,04/01/2023,France,59.0
12,04/01/2023,Georgia,
13,04/01/2023,Germany,56.0
14,04/01/2023,Greece,87.0
15,04/01/2023,Hungary,61.0
16,04/01/2023,Ireland,123.0
17,04/01/2023,Italy,110.0
18,04/01/2023,Kosovo,
19,04/01/2023,Latvia,42.0
20,04/01/2023,Lithuania,42.0
21,04/01/2023,Luxembourg,56.0
22,04/01/2023,Malta,
23,04/01/2023,Moldova,
24,04/01/2023,Montenegro,
25,04/01/2023,Netherlands,76.0
26,04/01/2023,North Macedonia,
27,04/01/2023,Norway,72.0
28,04/01/2023,Poland,122.0
29,04/01/2023,Portugal,34.0
30,04/01/2023,Romania,61.0
31,04/01/2023,Serbia,68.0
32,04/01/2023,Slovakia,58.0
33,04/01/2023,Slovenia,58.0
34,04/01/2023,Spain,34.0
35,04/01/2023,Sweden,42.0
36,04/01/2023,Switzerland,89.0
37,04/01/2023,Turkey,
38,04/01/2023,Ukraine,
39,04/01/2023,United Kingdom,
0,04/02/2023,Albania,
1,04/02/2023,Austria,68.0
2,04/02/2023,Belgium,72.0
3,04/02/2023,Bosnia and Herz.,
4,04/02/2023,Bulgaria,68.0
5,04/02/2023,Croatia,68.0
6,04/02/2023,Cyprus,
7,04/02/2023,Czech Rep.,68.0
8,04/02/2023,Denmark,64.0
9,04/02/2023,Estonia,52.0
10,04/02/2023,Finland,52.0
11,04/02/2023,France,71.0
12,04/02/2023,Georgia,
13,04/02/2023,Germany,67.0
14,04/02/2023,Greece,128.0
15,04/02/2023,Hungary,68.0
16,04/02/2023,Ireland,146.0
17,04/02/2023,Italy,137.0
18,04/02/2023,Kosovo,
19,04/02/2023,Latvia,52.0
20,04/02/2023,Lithuania,52.0
21,04/02/2023,Luxembourg,67.0
22,04/02/2023,Malta,
23,04/02/2023,Moldova,
24,04/02/2023,Montenegro,
25,04/02/2023,Netherlands,62.0
26,04/02/2023,North Macedonia,
27,04/02/2023,Norway,77.0
28,04/02/2023,Poland,81.0
29,04/02/2023,Portugal,16.0
30,04/02/2023,Romania,68.0
31,04/02/2023,Serbia,63.0
32,04/02/2023,Slovakia,68.0
33,04/02/2023,Slovenia,68.0
34,04/02/2023,Spain,16.0
35,04/02/2023,Sweden,52.0
36,04/02/2023,Switzerland,97.0
37,04/02/2023,Turkey,
38,04/02/2023,Ukraine,
39,04/02/2023,United Kingdom,
0,04/03/2023,Albania,
1,04/03/2023,Austria,110.0
2,04/03/2023,Belgium,124.0
3,04/03/2023,Bosnia and Herz.,
4,04/03/2023,Bulgaria,113.0
5,04/03/2023,Croatia,112.0
6,04/03/2023,Cyprus,
7,04/03/2023,Czech Rep.,111.0
8,04/03/2023,Denmark,115.0
9,04/03/2023,Estonia,102.0
10,04/03/2023,Finland,102.0
11,04/03/2023,France,123.0
12,04/03/2023,Georgia,
13,04/03/2023,Germany,115.0
14,04/03/2023,Greece,122.0
15,04/03/2023,Hungary,112.0
16,04/03/2023,Ireland,130.0
17,04/03/2023,Italy,140.0
18,04/03/2023,Kosovo,
19,04/03/2023,Latvia,102.0
20,04/03/2023,Lithuania,102.0
21,04/03/2023,Luxembourg,115.0
22,04/03/2023,Malta,
23,04/03/2023,Moldova,
24,04/03/2023,Montenegro,
25,04/03/2023,Netherlands,115.0
26,04/03/2023,North Macedonia,
27,04/03/2023,Norway,94.0
28,04/03/2023,Poland,121.0
29,04/03/2023,Portugal,62.0
30,04/03/2023,Romania,114.0
31,04/03/2023,Serbia,112.0
32,04/03/2023,Slovakia,111.0
33,04/03/2023,Slovenia,113.0
34,04/03/2023,Spain,62.0
35,04/03/2023,Sweden,89.0
36,04/03/2023,Switzerland,127.0
37,04/03/2023,Turkey,
38,04/03/2023,Ukraine,
39,04/03/2023,United Kingdom,
0,04/04/2023,Albania,
1,04/04/2023,Austria,129.0
2,04/04/2023,Belgium,135.0
3,04/04/2023,Bosnia and Herz.,
4,04/04/2023,Bulgaria,123.0
5,04/04/2023,Croatia,128.0
6,04/04/2023,Cyprus,
7,04/04/2023,Czech Rep.,129.0
8,04/04/2023,Denmark,132.0
9,04/04/2023,Estonia,121.0
10,04/04/2023,Finland,115.0
11,04/04/2023,France,135.0
12,04/04/2023,Georgia,
13,04/04/2023,Germany,132.0
14,04/04/2023,Greece,127.0
15,04/04/2023,Hungary,130.0
16,04/04/2023,Ireland,136.0
17,04/04/2023,Italy,144.0
18,04/04/2023,Kosovo,
19,04/04/2023,Latvia,121.0
20,04/04/2023,Lithuania,121.0
21,04/04/2023,Luxembourg,132.0
22,04/04/2023,Malta,
23,04/04/2023,Moldova,
24,04/04/2023,Montenegro,
25,04/04/2023,Netherlands,132.0
26,04/04/2023,North Macedonia,
27,04/04/2023,Norway,103.0
28,04/04/2023,Poland,133.0
29,04/04/2023,Portugal,60.0
30,04/04/2023,Romania,123.0
31,04/04/2023,Serbia,129.0
32,04/04/2023,Slovakia,130.0
33,04/04/2023,Slovenia,130.0
34,04/04/2023,Spain,56.0
35,04/04/2023,Sweden,114.0
36,04/04/2023,Switzerland,136.0
37,04/04/2023,Turkey,
38,04/04/2023,Ukraine,
39,04/04/2023,United Kingdom,
0,04/05/2023,Albania,
1,04/05/2023,Austria,140.0
2,04/05/2023,Belgium,142.0
3,04/05/2023,Bosnia and Herz.,
4,04/05/2023,Bulgaria,110.0
5,04/05/2023,Croatia,136.0
6,04/05/2023,Cyprus,
7,04/05/2023,Czech Rep.,141.0
8,04/05/2023,Denmark,141.0
9,04/05/2023,Estonia,125.0
10,04/05/2023,Finland,108.0
11,04/05/2023,France,143.0
12,04/05/2023,Georgia,
13,04/05/2023,Germany,141.0
14,04/05/2023,Greece,134.0
15,04/05/2023,Hungary,142.0
16,04/05/2023,Ireland,153.0
17,04/05/2023,Italy,171.0
18,04/05/2023,Kosovo,
19,04/05/2023,Latvia,125.0
20,04/05/2023,Lithuania,128.0
21,04/05/2023,Luxembourg,141.0
22,04/05/2023,Malta,
23,04/05/2023,Moldova,
24,04/05/2023,Montenegro,
25,04/05/2023,Netherlands,140.0
26,04/05/2023,North Macedonia,
27,04/05/2023,Norway,101.0
28,04/05/2023,Poland,143.0
29,04/05/2023,Portugal,105.0
30,04/05/2023,Romania,110.0
31,04/05/2023,Serbia,138.0
32,04/05/2023,Slovakia,142.0
33,04/05/2023,Slovenia,139.0
34,04/05/2023,Spain,104.0
35,04/05/2023,Sweden,113.0
36,04/05/2023,Switzerland,143.0
37,04/05/2023,Turkey,
38,04/05/2023,Ukraine,
39,04/05/2023,United Kingdom,
0,04/06/2023,Albania,
1,04/06/2023,Austria,126.0
2,04/06/2023,Belgium,130.0
3,04/06/2023,Bosnia and Herz.,
4,04/06/2023,Bulgaria,126.0
5,04/06/2023,Croatia,128.0
6,04/06/2023,Cyprus,
7,04/06/2023,Czech Rep.,124.0
8,04/06/2023,Denmark,119.0
9,04/06/2023,Estonia,96.0
10,04/06/2023,Finland,93.0
11,04/06/2023,France,130.0
12,04/06/2023,Georgia,
13,04/06/2023,Germany,124.0
14,04/06/2023,Greece,127.0
15,04/06/2023,Hungary,128.0
16,04/06/2023,Ireland,147.0
17,04/06/2023,Italy,150.0
18,04/06/2023,Kosovo,
19,04/06/2023,Latvia,96.0
20,04/06/2023,Lithuania,96.0
21,04/06/2023,Luxembourg,124.0
22,04/06/2023,Malta,
23,04/06/2023,Moldova,
24,04/06/2023,Montenegro,
25,04/06/2023,Netherlands,129.0
26,04/06/2023,North Macedonia,
27,04/06/2023,Norway,89.0
28,04/06/2023,Poland,134.0
29,04/06/2023,Portugal,98.0
30,04/06/2023,Romania,126.0
31,04/06/2023,Serbia,132.0
32,04/06/2023,Slovakia,128.0
33,04/06/2023,Slovenia,128.0
34,04/06/2023,Spain,90.0
35,04/06/2023,Sweden,93.0
36,04/06/2023,Switzerland,130.0
37,04/06/2023,Turkey,
38,04/06/2023,Ukraine,
39,04/06/2023,United Kingdom,
0,04/07/2023,Albania,
1,04/07/2023,Austria,118.0
2,04/07/2023,Belgium,128.0
3,04/07/2023,Bosnia and Herz.,
4,04/07/2023,Bulgaria,120.0
5,04/07/2023,Croatia,119.0
6,04/07/2023,Cyprus,
7,04/07/2023,Czech Rep.,115.0
8,04/07/2023,Denmark,105.0
9,04/07/2023,Estonia,56.0
10,04/07/2023,Finland,56.0
11,04/07/2023,France,123.0
12,04/07/2023,Georgia,
13,04/07/2023,Germany,109.0
14,04/07/2023,Greece,126.0
15,04/07/2023,Hungary,119.0
16,04/07/2023,Ireland,131.0
17,04/07/2023,Italy,149.0
18,04/07/2023,Kosovo,
19,04/07/2023,Latvia,56.0
20,04/07/2023,Lithuania,56.0
21,04/07/2023,Luxembourg,109.0
22,04/07/2023,Malta,
23,04/07/2023,Moldova,
24,04/07/2023,Montenegro,
25,04/07/2023,Netherlands,126.0
26,04/07/2023,North Macedonia,
27,04/07/2023,Norway,84.0
28,04/07/2023,Poland,134.0
29,04/07/2023,Portugal,101.0
30,04/07/2023,Romania,120.0
31,04/07/2023,Serbia,117.0
32,04/07/2023,Slovakia,119.0
33,04/07/2023,Slovenia,119.0
34,04/07/2023,Spain,83.0
35,04/07/2023,Sweden,56.0
36,04/07/2023,Switzerland,119.0
37,04/07/2023,Turkey,
38,04/07/2023,Ukraine,
39,04/07/2023,United Kingdom,
